id,region,rawId,company_code,vin,fault_desc,repair_mileage,repair_date,cost_list_code,settle_date,company_name,projects,parts,createdate,receive_time,unique_id,country,year,brand,model,imported,price,fuel_form,transmission,displacement,engine,valid,car_id_judge
187195185,31,118674398,3.10113E+14,LWVCAE739GA054059,更换右前轮ABS传感器,261,1564934400,BO2005310018,20200531,上海东昌,"[{""name"": ""更换右前ABS传感器"", ""hours"": ""3.00""}]","[{""qty"": ""1.00"", ""code"": ""59122352"", ""name"": ""节流阀清洁剂""}, {""qty"": ""1.00"", ""code"": ""YH001"", ""name"": ""空调系统保养套装""}, {""qty"": ""1.00"", ""code"": ""68141887AD"", ""name"": ""速度传感器""}, {""qty"": ""2.50"", ""code"": ""AWWSFDY"", ""name"": ""无水防冻液""}]",2020/6/1 10:06,2020/6/1 10:06,310113002219000BO2005310018,中国,2016,广汽菲亚特,自由光,国产,214800,汽油,手自一体变速器,1995,2.0L,TRUE,LWVCAE739GA054059沪B397G8上海东昌
187195187,31,118674403,3.10113E+14,LWVCAE739GA088924,保养,293,1568822400,BO2005310037,20200531,上海东昌,"[{""name"": ""5千公里保养"", ""hours"": ""4.00""}, {""name"": ""更换空气滤"", ""hours"": ""1.00""}]","[{""qty"": ""5.00"", ""code"": ""59122585"", ""name"": ""0W-20全合成机油(1L)""}, {""qty"": ""1.00"", ""code"": ""50052012"", ""name"": ""机油滤清器""}, {""qty"": ""1.00"", ""code"": ""53387142"", ""name"": ""空气滤芯""}, {""qty"": ""1.00"", ""code"": ""59122352"", ""name"": ""节流阀清洁剂""}]",2020/6/1 10:06,2020/6/1 10:06,310113002219000BO2005310037,中国,2016,广汽菲亚特,自由光,国产,214800,汽油,手自一体变速器,1995,2.0L,TRUE,LWVCAE739GA088924沪JA1528上海东昌
187195188,31,118674400,3.10113E+14,LWVCAF766GA111334,保养,339,1566316800,BO2005310019,20200531,上海东昌,"[{""name"": ""基本保养买三送一（3 4），剩余1次"", ""hours"": ""0.00""}]","[{""qty"": ""6.00"", ""code"": ""59122697"", ""name"": ""0W-30全合成机油 1L""}, {""qty"": ""1.00"", ""code"": ""50052012"", ""name"": ""机油滤清器""}]",2020/6/1 10:06,2020/6/1 10:06,310113002219000BO2005310019,中国,2016,广汽菲亚特,自由光,国产,232800,汽油,手自一体变速器,2360,2.4L,TRUE,LWVCAF766GA111334沪BWZ001上海东昌
187195413,31,118674531,3.10113E+14,LWVCAE73XGA055074,保养,451,1568822400,BO2005310039,20200531,上海东昌,"[{""name"": ""5千公里保养"", ""hours"": ""4.00""}, {""name"": ""更换电瓶"", ""hours"": ""1.00""}]","[{""qty"": ""5.00"", ""code"": ""59122585"", ""name"": ""0W-20全合成机油(1L)""}, {""qty"": ""1.00"", ""code"": ""50052012"", ""name"": ""机油滤清器""}, {""qty"": ""1.00"", ""code"": ""BC0H7750AA"", ""name"": ""LX11年后车款用电池""}, {""qty"": ""1.00"", ""code"": ""59122322"", ""name"": ""全新JEEP自由光 油底壳护板""}]",2020/6/1 10:07,2020/6/1 10:07,310113002219000BO2005310039,中国,2016,广汽菲亚特,自由光,国产,214800,汽油,手自一体变速器,1995,2.0L,TRUE,LWVCAE73XGA055074皖SX6931上海东昌
187195415,31,118674537,3.10113E+14,LWVCAFM8XGA046087,保养,166,1566403200,BO2005310050,20200531,上海东昌,"[{""name"": ""保养买二送一，最后一次"", ""hours"": ""0.00""}, {""name"": ""更换两前轮ABS传感器"", ""hours"": ""6.00""}]","[{""qty"": ""1.00"", ""code"": ""50052012"", ""name"": ""机油滤清器""}, {""qty"": ""6.00"", ""code"": ""LK500499AA"", ""name"": ""OIL 5W20""}, {""qty"": ""6.00"", ""code"": ""YH31001"", ""name"": ""润滑套装""}, {""qty"": ""2.00"", ""code"": ""68141887AD"", ""name"": ""速度传感器""}]",2020/6/1 10:07,2020/6/1 10:07,310113002219000BO2005310050,中国,2016,广汽菲亚特,自由光,国产,275800,汽油,手自一体变速器,2360,2.4L,TRUE,LWVCAFM8XGA046087沪FB3673上海东昌
187195430,31,118674544,3.10113E+14,LWVCAE733GA052890,更换变速箱油 制动液 防冻液,371,1568995200,BO2005310055,20200531,上海东昌,"[{""name"": ""更换制动液（微信预约）"", ""hours"": ""3.20""}]","[{""qty"": ""1.00"", ""code"": ""68218925GA"", ""name"": ""变速箱油（延长2年或5万公里，先到为准）""}, {""qty"": ""2.00"", ""code"": ""LC318080AC"", ""name"": ""FLUID BRAKE""}, {""qty"": ""2.50"", ""code"": ""AWWSFDY"", ""name"": ""爱温无水防冻液""}]",2020/6/1 10:07,2020/6/1 10:07,310113002219000BO2005310055,中国,2016,广汽菲亚特,自由光,国产,214800,汽油,手自一体变速器,1995,2.0L,TRUE,LWVCAE733GA052890沪A27A04上海东昌
187195454,31,118676194,3.10113E+14,LWVCAFM54GA108816,保养,827,1569427200,BO2005310074,20200531,上海东昌,"[{""name"": ""5千公里保养"", ""hours"": ""4.00""}]","[{""qty"": ""6.00"", ""code"": ""59122580"", ""name"": ""5W - 40 全合成机油 (1L)""}, {""qty"": ""1.00"", ""code"": ""50052012"", ""name"": ""机油滤清器""}]",2020/6/1 10:07,2020/6/1 10:07,310113002219000BO2005310074,中国,2016,广汽菲亚特,自由光,国产,249800,汽油,手自一体变速器,2360,2.4L,TRUE,LWVCAFM54GA108816豫N87K60上海东昌
187195464,31,118676190,3.10113E+14,LWVCAFM65GA114441,保养,363,1569081600,BO2005310070,20200531,上海东昌,"[{""name"": ""买三送二"", ""hours"": ""24.73""}, {""name"": ""更换刹车油"", ""hours"": ""3.20""}]","[{""qty"": ""6.00"", ""code"": ""59122585"", ""name"": ""0W-20全合成机油(1L)""}, {""qty"": ""1.00"", ""code"": ""50052012"", ""name"": ""机油滤清器""}, {""qty"": ""2.50"", ""code"": ""AWWSFDY"", ""name"": ""爱温无水防冻液（终身免维护）""}, {""qty"": ""2.00"", ""code"": ""LC318080AC"", ""name"": ""FLUID BRAKE""}]",2020/6/1 10:07,2020/6/1 10:07,310113002219000BO2005310070,中国,2016,广汽菲亚特,自由光,国产,279133.3333,汽油,手自一体变速器,2360,2.4L,TRUE,LWVCAFM65GA114441沪MS0570上海东昌
187195466,31,118676188,3.10113E+14,LWVCAF761GA100483,保养,756,1570032000,BO2005310068,20200531,上海东昌,"[{""name"": ""保养买二送一套餐（1 3）"", ""hours"": ""8.00""}, {""name"": ""更换右前叶内衬"", ""hours"": ""1.00""}]","[{""qty"": ""1.00"", ""code"": ""53350438"", ""name"": ""挡泥板（右前）""}, {""qty"": ""12.00"", ""code"": ""JY30220"", ""name"": ""磁护5W-40 1升""}, {""qty"": ""2.00"", ""code"": ""50052012"", ""name"": ""机油滤清器""}]",2020/6/1 10:07,2020/6/1 10:07,310113002219000BO2005310068,中国,2016,广汽菲亚特,自由光,国产,232800,汽油,手自一体变速器,2360,2.4L,TRUE,LWVCAF761GA100483沪FS2110上海东昌
187195489,31,118676208,3.10113E+14,LWVCAF765HA133729,保养,440,1564761600,BO2005310082,20200531,上海东昌,"[{""name"": ""5千公里保养"", ""hours"": ""4.00""}, {""name"": ""更换空气滤"", ""hours"": ""1.00""}]","[{""qty"": ""1.00"", ""code"": ""YH31001"", ""name"": ""润滑套装""}, {""qty"": ""1.00"", ""code"": ""50052012"", ""name"": ""机油滤清器""}, {""qty"": ""1.00"", ""code"": ""59122352"", ""name"": ""节流阀清洁剂""}, {""qty"": ""1.00"", ""code"": ""53387142"", ""name"": ""空气滤芯""}, {""qty"": ""6.00"", ""code"": ""LK500497AA"", ""name"": ""OIL 5W30""}]",2020/6/1 10:08,2020/6/1 10:08,310113002219000BO2005310082,中国,2017,广汽菲亚特,自由光,国产,232800,汽油,手自一体变速器,2360,2.4L,TRUE,LWVCAF765HA133729沪MB2768上海东昌
187195492,31,118676198,3.10113E+14,LWVCAF761GA109989,保养,654,1568390400,BO2005310064,20200531,上海东昌,"[{""name"": ""买三送一，剩余0次，4 4"", ""hours"": ""0.00""}, {""name"": ""更换牌照底板"", ""hours"": ""0.50""}, {""name"": ""更换制动液"", ""hours"": ""4.00""}, {""name"": ""更换电瓶"", ""hours"": ""1.00""}]","[{""qty"": ""6.00"", ""code"": ""59122580"", ""name"": ""5W - 40 全合成机油 (1L)""}, {""qty"": ""1.00"", ""code"": ""50052012"", ""name"": ""机油滤清器""}, {""qty"": ""1.00"", ""code"": ""YH31001"", ""name"": ""润滑套装""}, {""qty"": ""1.00"", ""code"": ""53315679"", ""name"": ""前牌照板""}, {""qty"": ""3.00"", ""code"": ""LC318080AC"", ""name"": ""FLUID BRAKE""}, {""qty"": ""1.00"", ""code"": ""53364198"", ""name"": ""蓄电池""}]",2020/6/1 10:08,2020/6/1 10:08,310113002219000BO2005310064,中国,2016,广汽菲亚特,自由光,国产,232800,汽油,手自一体变速器,2360,2.4L,TRUE,LWVCAF761GA109989沪A05F79上海东昌
187195529,31,118676221,3.10113E+14,LWVCAE731GA046974,保养,571,1568476800,BO2005310108,20200531,上海东昌,"[{""name"": ""买三送一，剩余1次3 4"", ""hours"": ""0.00""}, {""name"": ""更换空调滤网"", ""hours"": ""1.00""}, {""name"": ""更换火花塞"", ""hours"": ""4.00""}]","[{""qty"": ""5.00"", ""code"": ""59122585"", ""name"": ""0W-20全合成机油(1L)""}, {""qty"": ""1.00"", ""code"": ""YH31001"", ""name"": ""润滑套装""}, {""qty"": ""1.00"", ""code"": ""50052012"", ""name"": ""机油滤清器""}, {""qty"": ""1.00"", ""code"": ""53395387"", ""name"": ""空调滤芯（PM2.5)""}, {""qty"": ""4.00"", ""code"": ""SP148183AC"", ""name"": ""火花塞""}]",2020/6/1 10:08,2020/6/1 10:08,310113002219000BO2005310108,中国,2016,广汽菲亚特,自由光,国产,214800,汽油,手自一体变速器,1995,2.0L,TRUE,LWVCAE731GA046974沪BMX591上海东昌
187195531,31,118676224,3.10113E+14,LWVCAFM92HA176181,保养,229,1569168000,BO2005310110,20200531,上海东昌,"[{""name"": ""保养买3送1    3 4"", ""hours"": ""0.00""}, {""name"": ""更换刹车油"", ""hours"": ""4.00""}]","[{""qty"": ""2.00"", ""code"": ""LC318080AC"", ""name"": ""FLUID BRAKE""}, {""qty"": ""2.50"", ""code"": ""AWWSFDY"", ""name"": ""爱温无水防冻液""}]",2020/6/1 10:08,2020/6/1 10:08,310113002219000BO2005310110,中国,2017,广汽菲亚特,自由光,国产,273800,汽油,手自一体变速器,2360,2.4L,TRUE,LWVCAFM92HA176181苏A9D56G上海东昌
187195533,31,118676230,3.10113E+14,LWVCAF750GA010720,保养,327,1570377600,BO2005310123,20200531,上海东昌,"[{""name"": ""5千公里保养"", ""hours"": ""4.00""}]","[{""qty"": ""1.00"", ""code"": ""50052012"", ""name"": ""机油滤清器""}, {""qty"": ""6.00"", ""code"": ""59122585"", ""name"": ""0W-20全合成机油(1L)""}, {""qty"": ""1.00"", ""code"": ""YH31001"", ""name"": ""润滑套装""}]",2020/6/1 10:08,2020/6/1 10:08,310113002219000BO2005310123,中国,2016,广汽菲亚特,自由光,国产,229800,汽油,手自一体变速器,2360,2.4L,TRUE,LWVCAF750GA010720沪BAR570上海东昌
187195535,31,118676226,3.10113E+14,LWVCAF750FA004897,清洗节气门,269,1570118400,BO2005310117,20200531,上海东昌,"[{""name"": ""保养买四送一（5 5）"", ""hours"": ""0.00""}, {""name"": ""买二送一"", ""hours"": ""25.72""}]","[{""qty"": ""1.00"", ""code"": ""59122352"", ""name"": ""节气门清洗""}]",2020/6/1 10:08,2020/6/1 10:08,310113002219000BO2005310117,中国,2015,广汽菲亚特,自由光,国产,229800,汽油,手自一体变速器,2360,2.4L,TRUE,LWVCAF750FA004897沪A903E7上海东昌
187195536,31,118676219,3.10113E+14,LWVCAFM99GA042122,更换两前轮速传感器,381,1568649600,BO2005310109,20200531,上海东昌,"[{""name"": ""更换两前ABS传感器"", ""hours"": ""8.00""}]","[{""qty"": ""2.00"", ""code"": ""68141887AD"", ""name"": ""速度传感器""}]",2020/6/1 10:08,2020/6/1 10:08,310113002219000BO2005310109,中国,2016,广汽菲亚特,自由光,国产,273800,汽油,手自一体变速器,2360,2.4L,TRUE,LWVCAFM99GA042122沪B45M89上海东昌
187195549,31,118676227,3.10113E+14,LWVCAFM8XGA012165,维修,400,1569772800,BO2005310116,20200531,上海东昌,"[{""name"": ""长途安检"", ""hours"": ""0.75""}]",,2020/6/1 10:08,2020/6/1 10:08,310113002219000BO2005310116,中国,2016,广汽菲亚特,自由光,国产,275800,汽油,手自一体变速器,2360,2.4L,TRUE,LWVCAFM8XGA012165沪BZD969上海东昌
187195550,31,118676235,3.10113E+14,LWVCAFM83GA012508,事故维修,295,1570377600,BO2005310127,20200531,上海东昌,"[{""name"": ""右前门内外喷漆"", ""hours"": ""0.00""}, {""name"": ""右前叶喷漆"", ""hours"": ""0.00""}, {""name"": ""右后门喷漆"", ""hours"": ""0.00""}, {""name"": ""事故维修"", ""hours"": ""11.08""}]","[{""qty"": ""1.00"", ""code"": ""53375691"", ""name"": ""右前门总成""}, {""qty"": ""1.00"", ""code"": ""53106829"", ""name"": ""字牌“CHEROKEE”""}, {""qty"": ""1.00"", ""code"": ""53297137"", ""name"": ""门槛饰板 右前""}, {""qty"": ""1.00"", ""code"": ""53318951"", ""name"": ""门限位器（前）""}, {""qty"": ""1.00"", ""code"": ""53429067"", ""name"": ""门上铰链（右）""}, {""qty"": ""1.00"", ""code"": ""53429069"", ""name"": ""门下铰链（右）""}]",2020/6/1 10:08,2020/6/1 10:08,310113002219000BO2005310127,中国,2016,广汽菲亚特,自由光,国产,275800,汽油,手自一体变速器,2360,2.4L,TRUE,LWVCAFM83GA012508皖NKU638上海东昌
187195640,31,118672708,3.10113E+14,LWVCAE783JA210177,保养,150,1566748800,BO2005310091,20200531,上海东昌,,"[{""qty"": ""5.00"", ""code"": ""59122585"", ""name"": ""0W-20全合成机油(1L)""}, {""qty"": ""1.00"", ""code"": ""50052012"", ""name"": ""机油滤清器""}]",2020/6/1 10:09,2020/6/1 10:09,310113002219000BO2005310091,中国,2018,广汽菲亚特,自由光,国产,214800,汽油,手自一体变速器,1995,2.0L,TRUE,LWVCAE783JA210177沪A8K105上海东昌
187195644,31,118672706,3.10113E+14,LWVCAE78XHA192528,保养,244,1564761600,BO2005310084,20200531,上海东昌,"[{""name"": ""5千公里保养"", ""hours"": ""4.00""}, {""name"": ""更换空调滤网空气滤"", ""hours"": ""2.00""}]","[{""qty"": ""1.00"", ""code"": ""YH31001"", ""name"": ""润滑套装""}, {""qty"": ""5.00"", ""code"": ""59122585"", ""name"": ""0W-20全合成机油(1L)""}, {""qty"": ""1.00"", ""code"": ""50052012"", ""name"": ""机油滤清器""}, {""qty"": ""1.00"", ""code"": ""53387142"", ""name"": ""空气滤芯""}, {""qty"": ""1.00"", ""code"": ""53395387"", ""name"": ""空调滤芯（PM2.5)""}, {""qty"": ""1.00"", ""code"": ""59122352"", ""name"": ""节流阀清洁剂""}]",2020/6/1 10:09,2020/6/1 10:09,310113002219000BO2005310084,中国,2017,广汽菲亚特,自由光,国产,214800,汽油,手自一体变速器,1995,2.0L,TRUE,LWVCAE78XHA192528辽MLN852上海东昌
187195647,31,118672703,3.10113E+14,LWVCAF780JA201863,保养,50,1570982400,BO2005310072,20200531,上海东昌,"[{""name"": ""5千公里保养"", ""hours"": ""4.00""}]","[{""qty"": ""6.00"", ""code"": ""59122580"", ""name"": ""5W - 40 全合成机油 (1L)""}, {""qty"": ""1.00"", ""code"": ""50052012"", ""name"": ""机油滤清器""}]",2020/6/1 10:09,2020/6/1 10:09,310113002219000BO2005310072,中国,2018,广汽菲亚特,自由光,国产,232800,汽油,手自一体变速器,2360,2.4L,TRUE,LWVCAF780JA201863沪B09B70上海东昌
187195650,31,118672709,3.10113E+14,LWVCAF784HA142830,保养,271,1567785600,BO2005310100,20200531,上海东昌,"[{""name"": ""保养买二送一套餐（1 3）"", ""hours"": ""8.00""}]","[{""qty"": ""2.00"", ""code"": ""YH31001"", ""name"": ""润滑套装""}, {""qty"": ""12.00"", ""code"": ""59122585"", ""name"": ""0W-20全合成机油(1L)""}, {""qty"": ""2.00"", ""code"": ""50052012"", ""name"": ""机油滤清器""}]",2020/6/1 10:09,2020/6/1 10:09,310113002219000BO2005310100,中国,2017,广汽菲亚特,自由光,国产,232800,汽油,手自一体变速器,2360,2.4L,TRUE,LWVCAF784HA142830沪FB8608上海东昌
187195652,31,118672710,3.10113E+14,LWVCAE78XHA162753,保养,148,1569168000,BO2005310111,20200531,上海东昌,"[{""name"": ""5千公里保养"", ""hours"": ""4.00""}, {""name"": ""更换空调滤网 空滤"", ""hours"": ""2.00""}]","[{""qty"": ""1.00"", ""code"": ""50052012"", ""name"": ""机油滤清器""}, {""qty"": ""5.00"", ""code"": ""59122585"", ""name"": ""0W-20全合成机油(1L)""}, {""qty"": ""1.00"", ""code"": ""YH31001"", ""name"": ""润滑套装""}, {""qty"": ""1.00"", ""code"": ""53395387"", ""name"": ""空调滤芯（PM2.5)""}, {""qty"": ""1.00"", ""code"": ""53387142"", ""name"": ""空气滤芯""}, {""qty"": ""1.00"", ""code"": ""59122352"", ""name"": ""节流阀清洁剂""}]",2020/6/1 10:09,2020/6/1 10:09,310113002219000BO2005310111,中国,2017,广汽菲亚特,自由光,国产,214800,汽油,手自一体变速器,1995,2.0L,TRUE,LWVCAE78XHA162753苏D23S62上海东昌
187195670,31,118672714,3.10113E+14,LWVCAE787HA196214,保养,88,1570550400,BO2005310129,20200531,上海东昌,"[{""name"": ""买二送一，剩余1次"", ""hours"": ""0.00""}]","[{""qty"": ""1.00"", ""code"": ""YH31001"", ""name"": ""润滑套装""}, {""qty"": ""1.00"", ""code"": ""50052012"", ""name"": ""机油滤清器""}, {""qty"": ""5.00"", ""code"": ""59122585"", ""name"": ""0W-20全合成机油(1L)""}]",2020/6/1 10:09,2020/6/1 10:09,310113002219000BO2005310129,中国,2017,广汽菲亚特,自由光,国产,214800,汽油,手自一体变速器,1995,2.0L,TRUE,LWVCAE787HA196214沪A2K256上海东昌
187195694,31,118677534,3.10113E+14,LWVCAF783HA183515,保养,172,1569945600,BO2005310052,20200531,上海东昌,"[{""name"": ""买三送一，剩余1次，3 4"", ""hours"": ""0.00""}]","[{""qty"": ""1.00"", ""code"": ""YH31001"", ""name"": ""润滑套装""}, {""qty"": ""1.00"", ""code"": ""50052012"", ""name"": ""机油滤清器""}, {""qty"": ""6.00"", ""code"": ""59122580"", ""name"": ""5W - 40 全合成机油 (1L)""}]",2020/6/1 10:09,2020/6/1 10:09,310113002219000BO2005310052,中国,2017,广汽菲亚特,自由光,国产,232800,汽油,手自一体变速器,2360,2.4L,TRUE,LWVCAF783HA183515沪A50D63上海东昌
187679020,31,118944505,3.10113E+14,LWVCAFM6XGA110563,保养,618,1569427200,BO2006040012,20200604,上海东昌,"[{""name"": ""保养买六送三（6 9）"", ""hours"": ""0.00""}]",,2020/6/5 1:19,2020/6/5 1:19,310113002219000BO2006040012,中国,2016,广汽菲亚特,自由光,国产,279133.3333,汽油,手自一体变速器,2360,2.4L,TRUE,LWVCAFM6XGA110563沪DHC336上海东昌
187697706,31,118960404,3.10117E+14,LWVCAFM87GA092072,人保划痕。,327,1571932800,A1910250010,20191025,新唐朝汽车维修服务有限公司,"[{""name"": ""前保喷漆"", ""hours"": ""12.00""}, {""name"": ""右后门喷漆"", ""hours"": ""150.00""}, {""name"": ""左前门喷漆"", ""hours"": ""1.00""}, {""name"": ""左后门喷漆"", ""hours"": ""1.00""}, {""name"": ""人保划痕250*4=1000元"", ""hours"": ""1.00""}]","[{""qty"": ""0"", ""code"": ""编码"", ""name"": ""未使用配件""}]",2020/6/5 13:28,2020/6/5 13:28,310117005325000A1910250010,中国,2016,广汽菲亚特,自由光,国产,275800,汽油,手自一体变速器,2360,2.4L,TRUE,LWVCAFM87GA092072沪A1A935新唐朝汽车维修服务有限公司
183906600,31,117366408,3.1E+14,LVGDC46A7EG551392,钣金：客户付款,1300,1568563200,S31A20263654,20200515,广汽丰田上海美兰沪西店,"[{""name"": ""右后门：修理"", ""hours"": ""6.20""}, {""name"": ""右后门：喷漆"", ""hours"": ""0.00""}, {""name"": ""右后叶：修理"", ""hours"": ""0.00""}, {""name"": ""右后叶：喷漆"", ""hours"": ""0.00""}, {""name"": ""左后门：修理"", ""hours"": ""0.00""}, {""name"": ""左后门：喷漆"", ""hours"": ""0.00""}, {""name"": ""左后叶：修理"", ""hours"": ""0.00""}, {""name"": ""左后叶：喷漆"", ""hours"": ""0.00""}, {""name"": ""车顶：修理"", ""hours"": ""0.00""}, {""name"": ""车顶：喷漆"", ""hours"": ""0.00""}]","[{""qty"": ""12"", ""code"": ""YQJFL"", ""name"": ""油漆及辅料""}]",2020/5/16 8:04,2020/5/16 8:04,310000005977000S31A20263654,中国,2014,广汽丰田,汉兰达,国产,289371.4286,汽油,手自一体变速器,2672,2.7L,TRUE,LVGDC46A7EG551392沪ACQ913广汽丰田上海美兰沪西店
183907163,31,117369804,3.1E+14,LVGEN56A3GG099657,喷漆：客户付款,209,1568908800,S31A20263824,20200515,广汽丰田上海美兰沪西店,"[{""name"": ""左前叶：修理 喷漆"", ""hours"": ""1.45""}]","[{""qty"": ""2"", ""code"": ""YQJFL"", ""name"": ""油漆及辅料""}]",2020/5/16 8:08,2020/5/16 8:08,310000005977000S31A20263824,中国,2016,广汽丰田,汉兰达,国产,300244.4444,汽油,手自一体变速器,1998,2.0T,TRUE,LVGEN56A3GG099657沪K07696广汽丰田上海美兰沪西店
183907491,31,117371404,3.1E+14,LVGEN56A6HG177740,钣金：客户付款,115,1568390400,S31A20263584,20200515,广汽丰田上海美兰沪西店,"[{""name"": ""左后叶：喷漆"", ""hours"": ""0.00""}, {""name"": ""机盖：修理"", ""hours"": ""3.83""}, {""name"": ""机盖：喷漆"", ""hours"": ""0.00""}, {""name"": ""右后门：修理"", ""hours"": ""0.00""}, {""name"": ""右后门：喷漆"", ""hours"": ""0.00""}, {""name"": ""左后叶：修理"", ""hours"": ""0.00""}]","[{""qty"": ""7"", ""code"": ""YQJFL"", ""name"": ""油漆及辅料""}]",2020/5/16 8:10,2020/5/16 8:10,310000005977000S31A20263584,中国,2017,广汽丰田,汉兰达,国产,300244.4444,汽油,手自一体变速器,1998,2.0T,TRUE,LVGEN56A6HG177740沪DEV537广汽丰田上海美兰沪西店
183907877,31,117371486,3.1E+14,LVGDA46A0AG078421,喷漆：客户付款,,1567353600,S31A20263068,20200515,广汽丰田上海美兰沪西店,"[{""name"": ""左后叶：修理 喷漆"", ""hours"": ""2.90""}, {""name"": ""左后门：修理 喷漆"", ""hours"": ""0.00""}, {""name"": ""检查减震器"", ""hours"": ""0.00""}]","[{""qty"": ""4"", ""code"": ""YQJFL"", ""name"": ""油漆及辅料""}]",2020/5/16 8:14,2020/5/16 8:14,310000005977000S31A20263068,中国,2010,广汽丰田,汉兰达,国产,291133.3333,汽油,手自一体变速器,2672,2.7L,TRUE,LVGDA46A0AG078421沪A95Q95广汽丰田上海美兰沪西店
185850057,31,118205070,3.1E+14,LVGDN56AXJG051317,免费基础保养,92,1571932800,S31A10161158,20200527,广汽丰田上海开隆徐汇店,"[{""name"": ""10,000KM保养(盘式制动"", ""hours"": ""6.00""}]","[{""qty"": ""1"", ""code"": ""0888083899"", ""name"": ""全合成机油-0W 20(1L)""}, {""qty"": ""1"", ""code"": ""0881380031"", ""name"": ""喷油嘴清洗剂(263ML)""}, {""qty"": ""1"", ""code"": ""90430C0005"", ""name"": ""衬垫(用于油底壳排放""}, {""qty"": ""1"", ""code"": ""041520V010"", ""name"": ""机油滤清器滤芯组件""}, {""qty"": ""1"", ""code"": ""0888083900"", ""name"": ""全合成机油-0W 20(4L)""}]",2020/5/28 8:02,2020/5/28 8:02,310000002475000S31A10161158,中国,2018,广汽丰田,汉兰达,国产,280675,汽油,手自一体变速器,1998,2.0T,TRUE,LVGDN56AXJG051317沪FB1450广汽丰田上海开隆徐汇店
184280028,31,117546981,3.1E+14,WP1AG2924GLA28035,保养,824,1571328000,SIV_260_20_05451,20200519,保时捷（上海）汽车销售服务有限公司,"[{""name"": ""更换机油服务 ."", ""hours"": ""1.1""}, {""name"": ""车载诊断系统 ."", ""hours"": ""0.1""}]","[{""qty"": ""1"", ""code"": ""00004320902"", ""name"": ""多用途添加剂，用于 汽油燃料""}, {""qty"": ""1"", ""code"": ""95810722201"", ""name"": ""滤芯""}, {""qty"": ""7.3"", ""code"": ""COB 140694"", ""name"": ""Co-branded Oil 0W40 (1L for 208L Barrel)""}]",2020/5/19 11:19,2020/5/19 11:19,310000009518000SIV_260_20_05451,德国,2016,保时捷,保时捷Cayenne,进口,990000,汽油,手自一体变速器,2995,3.0T,TRUE,WP1AG2924GLA28035沪BQK010保时捷（上海）汽车销售服务有限公司
184813702,31,117773229,3.10112E+14,WP1AG2920ELA13626,,891,1567612800,WXhbqx20190900063,20190905,上海华邦龙柏汽车服务有限公司,"[{""name"": ""检查胎压"", ""hours"": ""0""}, {""name"": ""更换机油机滤"", ""hours"": ""3""}, {""name"": ""检修灯光"", ""hours"": ""0""}, {""name"": ""更换空滤"", ""hours"": ""1""}]","[{""qty"": ""1"", ""code"": ""12972KB"", ""name"": ""H7""}, {""qty"": ""1"", ""code"": ""958 1072 2201"", ""name"": ""机格""}, {""qty"": ""1"", ""code"": ""958 1101 3010"", ""name"": ""空气格""}, {""qty"": ""1"", ""code"": ""12972KB"", ""name"": ""H7""}, {""qty"": ""7"", ""code"": ""0W-40（208L装）"", ""name"": ""机油（金美孚）""}]",2020/5/22 13:32,2020/5/22 13:32,310112004318000WXhbqx20190900063,德国,2014,保时捷,保时捷Cayenne,进口,990000,汽油,手自一体变速器,2995,3.0T,TRUE,WP1AG2920ELA13626沪ADM797上海华邦龙柏汽车服务有限公司
185184998,31,117916285,3.10115E+14,WP1AG2920DLA63523,保养,1610,1568044800,M-201909100022,20191113,上海仕军汽车技术服务有限公司,"[{""name"": ""更换右后门锁块"", ""hours"": ""0.0000""}, {""name"": ""燃油清洗剂2瓶"", ""hours"": ""1.0000""}, {""name"": ""前保拆装"", ""hours"": ""1.0000""}, {""name"": ""前保修复，右前门钣金"", ""hours"": ""1.0000""}, {""name"": ""平安油漆面"", ""hours"": ""2.0000""}]","[{""qty"": ""1.00"", ""code"": ""5107003437"", ""name"": ""右后门锁块""}]",2020/5/24 16:57,2020/5/24 16:57,310115013477000M-201909100022,德国,2013,保时捷,保时捷Cayenne,进口,990000,汽油,手自一体变速器,2995,3.0T,TRUE,WP1AG2920DLA63523沪G98227上海仕军汽车技术服务有限公司
185912793,31,118225503,3.1E+14,WP1AB2927FLA60300,.,145,1565452800,INT_260_20_02883,20200528,保时捷（上海）汽车销售服务有限公司,"[{""name"": ""检查客户反映组合仪表有哒哒声"", ""hours"": ""0.2""}]",,2020/5/28 13:29,2020/5/28 13:29,310000009518000INT_260_20_02883,德国,2015,保时捷,保时捷Cayenne,进口,1542000,汽油,手自一体变速器,4806,4.8L,TRUE,WP1AB2927FLA60300沪B5F695保时捷（上海）汽车销售服务有限公司
185541231,31,118074832,3.1E+14,WP1AA2954HLB38774,.,216,1572192000,SIV_660_20_05569,20200526,上海浦东保时捷汽车销售服务有限公司,"[{""name"": ""匹配新钥匙一把"", ""hours"": ""0.3""}]","[{""qty"": ""1"", ""code"": ""95863795003"", ""name"": ""钥匙遥控器""}]",2020/5/26 18:30,2020/5/26 18:30,310000011920000SIV_660_20_05569,德国,2017,保时捷,保时捷Macan,进口,558000,汽油,双离合变速器,1984,2.0T,TRUE,WP1AA2954HLB38774沪KB2128上海浦东保时捷汽车销售服务有限公司
187231862,31,118694898,3.1E+14,WP1AA2957KLB28022,,99,1569168000,SIV_260_20_06323,20200531,保时捷（上海）汽车销售服务有限公司,"[{""name"": ""机油保养 ."", ""hours"": ""1.5""}, {""name"": ""车载诊断系统 ."", ""hours"": ""0.1""}, {""name"": ""发动机线路养护及机舱清洁"", ""hours"": ""0.5""}]","[{""qty"": ""1"", ""code"": ""00004320902"", ""name"": ""多用途添加剂，用于 汽油燃料""}, {""qty"": ""0.5"", ""code"": ""00004400204"", ""name"": ""车窗清洁剂 外部""}, {""qty"": ""1"", ""code"": ""95811556201"", ""name"": ""机油滤清器""}, {""qty"": ""5.5"", ""code"": ""PCN 142707"", ""name"": ""Mobil1 ESPX2 0W-20Porsche_1Lfor208L""}, {""qty"": ""1"", ""code"": ""ZWM01108901087"", ""name"": ""伍尔特 金属零部件清洗剂 89010810 500ml""}, {""qty"": ""1"", ""code"": ""ZWM01189322105"", ""name"": ""伍尔特 机舱保护剂 150ml""}]",2020/6/1 14:17,2020/6/1 14:16,310000009518000SIV_260_20_06323,德国,2019,保时捷,保时捷Macan,进口,558000,汽油,双离合变速器,1984,2.0T,TRUE,WP1AA2957KLB28022沪A23H86保时捷（上海）汽车销售服务有限公司
185132120,31,117888062,3.1E+14,LSGXE8350KD115199,小修,113,1565020800,19080059,20190807,上海舒福泰汽车修理有限公司,"[{""name"": ""右前门整形"", ""hours"": ""6.7""}, {""name"": ""右前门油漆"", ""hours"": ""13.3""}]",,2020/5/24 8:41,2020/5/24 8:41,3.10E+22,中国,2019,上汽通用,昂科威,国产,239233.3333,汽油,双离合变速器,1490,1.5T,TRUE,LSGXE8350KD115199沪ADZ866上海舒福泰汽车修理有限公司
185132382,31,117888239,3.1E+14,LSGXE83L6GD240651,小修,,1565798400,19080134,20190815,上海舒福泰汽车修理有限公司,"[{""name"": ""全车抛光"", ""hours"": ""16.0""}]",,2020/5/24 8:44,2020/5/24 8:44,3.10E+22,中国,2016,上汽通用,昂科威,国产,298233.3333,汽油,手自一体变速器,1998,2.0T,TRUE,LSGXE83L6GD240651沪BNN939上海舒福泰汽车修理有限公司
185132788,31,117888552,3.1E+14,LSGXE8355GD201292,小修,716,1569081600,19090196,20190922,上海舒福泰汽车修理有限公司,"[{""name"": ""更换机油，机滤，空滤"", ""hours"": ""0.0""}, {""name"": ""更换后刹车片"", ""hours"": ""0.0""}]","[{""qty"": ""1.00"", ""code"": ""12A3KYHP"", ""name"": ""后刹车片""}, {""qty"": ""1.00"", ""code"": ""机滤，空滤-1"", ""name"": ""机滤，空滤""}, {""qty"": ""1.00"", ""code"": ""嘉实多极护"", ""name"": ""极护4L""}]",2020/5/24 8:45,2020/5/24 8:45,3.10E+22,中国,2016,上汽通用,昂科威,国产,239233.3333,汽油,双离合变速器,1490,1.5T,TRUE,LSGXE8355GD201292苏F901J1上海舒福泰汽车修理有限公司
185133025,31,117888750,3.1E+14,LSGXE83L4HD187739,小修,325,1571155200,19100108,20191016,上海舒福泰汽车修理有限公司,"[{""name"": ""更换机油，机滤，空滤"", ""hours"": ""3.0""}, {""name"": ""检修故障灯亮"", ""hours"": ""0.0""}]","[{""qty"": ""2.00"", ""code"": ""JZMF1"", ""name"": ""金装美孚1号0W40/1L""}, {""qty"": ""1.00"", ""code"": ""机滤，空滤-1"", ""name"": ""机滤，空滤""}, {""qty"": ""1.00"", ""code"": ""金美孚1号 0W40 4L"", ""name"": ""金美孚1号 0W40 4L""}]",2020/5/24 8:45,2020/5/24 8:45,3.10E+22,中国,2017,上汽通用,昂科威,国产,298233.3333,汽油,手自一体变速器,1998,2.0T,TRUE,LSGXE83L4HD187739沪BXB118上海舒福泰汽车修理有限公司
185825731,31,118186875,3.10112E+14,LSGXE83L6GD225177,,291,1567267200,ABO20052092,20200527,上海浦江郑隆汽车销售管理有限公司,"[{""name"": "".赠浦江郑隆特色②⑤项免费检测."", ""hours"": ""0""}]","[{""qty"": ""0.95"", ""code"": ""YQ-CHU7151"", ""name"": ""ULTRA7000U-棕铜色""}, {""qty"": ""1"", ""code"": ""FJFL0008"", ""name"": ""辅料""}, {""qty"": ""-1"", ""code"": ""FJFL0008"", ""name"": ""辅料""}, {""qty"": ""-0.95"", ""code"": ""YQ-CHU7151"", ""name"": ""ULTRA7000U-棕铜色""}, {""qty"": ""1"", ""code"": ""42507429"", ""name"": ""举升门变速器铭牌总成""}, {""qty"": ""1"", ""code"": ""42507426"", ""name"": ""举升门饰板DIV铭牌总成""}, {""qty"": ""-1"", ""code"": ""42507426"", ""name"": ""举升门饰板DIV铭牌总成""}, {""qty"": ""-1"", ""code"": ""42507429"", ""name"": ""举升门变速器铭牌总成""}]",2020/5/28 2:57,2020/5/28 2:57,310112010245000ABO20052092,中国,2016,上汽通用,昂科威,国产,298233.3333,汽油,手自一体变速器,1998,2.0T,TRUE,LSGXE83L6GD225177沪J28677上海浦江郑隆汽车销售管理有限公司
187605142,31,118868952,3.10115E+14,LSGXE83LXFD031265,,216,1569600000,ABO20060130,20200603,上海东昌汽车浦东销售服务有限公司,"[{""name"": ""更换机滤"", ""hours"": ""0""}, {""name"": ""更换右后轮胎"", ""hours"": ""0""}, {""name"": ""拆装刹车片"", ""hours"": ""0""}]","[{""qty"": ""1"", ""code"": ""93737496"", ""name"": ""发动机机油(中石油,4升-DEXOS1)24114098""}, {""qty"": ""1"", ""code"": ""84193699"", ""name"": ""轮胎235 50R19""}, {""qty"": ""1"", ""code"": ""13412810"", ""name"": ""前刹车片J60带T""}, {""qty"": ""1"", ""code"": ""24101553"", ""name"": ""机滤14款""}, {""qty"": ""1"", ""code"": ""55594651"", ""name"": ""机滤LLU""}]",2020/6/4 0:53,2020/6/4 0:53,310115003969000ABO20060130,中国,2015,上汽通用,昂科威,国产,298233.3333,汽油,手自一体变速器,1998,2.0T,TRUE,LSGXE83LXFD031265辽CBD321上海东昌汽车浦东销售服务有限公司
187607599,31,118871851,3.10115E+14,LSGXE83L7HD282067,喷漆：左前门，右前叶,213,1571414400,ABO20060234,20200603,上海永达通美汽车销售服务有限公司,"[{""name"": ""喷漆：左前门，右前叶"", ""hours"": ""0""}, {""name"": ""辅助拆装"", ""hours"": ""0""}, {""name"": ""整形：前保，后保"", ""hours"": ""0""}, {""name"": ""整形：左前门，右前叶"", ""hours"": ""0""}, {""name"": ""抵用券894135848444，照片未核销"", ""hours"": ""0""}, {""name"": ""太平洋划痕补漆.4"", ""hours"": ""0""}, {""name"": ""辅助做底"", ""hours"": ""0""}, {""name"": ""喷漆：前保，后保"", ""hours"": ""0""}]",,2020/6/4 1:14,2020/6/4 1:14,310115004575000ABO20060234,中国,2017,上汽通用,昂科威,国产,298233.3333,汽油,手自一体变速器,1998,2.0T,TRUE,LSGXE83L7HD282067沪BYE536上海永达通美汽车销售服务有限公司
185132434,31,117888279,3.1E+14,LSV2A8CA7HN505439,小修,239,1566057600,19080175,20190820,上海舒福泰汽车修理有限公司,"[{""name"": ""机盖油漆"", ""hours"": ""20.0""}]",,2020/5/24 8:44,2020/5/24 8:44,3.10E+22,中国,2017,上汽大众,途昂,国产,323900,汽油,双离合变速器,1984,2.0T,TRUE,LSV2A8CA7HN505439沪J85670上海舒福泰汽车修理有限公司
185132921,31,117888669,3.1E+14,LSVUC60TXH2129897,小修,326,1570291200,19100020,20191008,上海舒福泰汽车修理有限公司,"[{""name"": ""美孚机油"", ""hours"": ""0.0""}]","[{""qty"": ""1.00"", ""code"": ""JZMF1"", ""name"": ""金装美孚1号0W40/1L""}]",2020/5/24 8:45,2020/5/24 8:45,3.10E+22,中国,2017,上汽大众,途观L,国产,253466.6667,汽油,双离合变速器,1798,1.8T,TRUE,LSVUC60TXH2129897沪K19656上海舒福泰汽车修理有限公司
187697621,31,118962052,3.10117E+14,LSVUD60T1J2050783,天平划痕/安全检测。,74,1571500800,A1910200021,20191020,新唐朝汽车维修服务有限公司,"[{""name"": ""前保喷漆"", ""hours"": ""12.00""}, {""name"": ""左前门喷漆"", ""hours"": ""1.00""}, {""name"": ""安盛天平划痕2*230=460"", ""hours"": ""1.00""}, {""name"": ""钣金费（自费）"", ""hours"": ""1.00""}]","[{""qty"": ""0"", ""code"": ""编码"", ""name"": ""未使用配件""}]",2020/6/5 13:27,2020/6/5 13:27,310117005325000A1910200021,中国,2018,上汽大众,途观L,国产,261133.3333,汽油,双离合变速器,1984,2.0T,TRUE,LSVUD60T1J2050783沪DWE697新唐朝汽车维修服务有限公司
184184316,31,117497789,3.10114E+14,LE40G4KB2JL192503,保养维修,453,1570464000,294105,20200518,上海中升之星汽车销售服务有限公司,"[{""name"": ""进行带附加组件的B类保养范围"", ""hours"": ""1.1""}]","[{""qty"": ""1.0"", ""code"": ""MA270 180 01 09"", ""name"": ""机滤""}, {""qty"": ""1.0"", ""code"": ""MA274 094 02 04"", ""name"": ""空气滤""}, {""qty"": ""6.5"", ""code"": ""MA000 989 79 02/17BIFX"", ""name"": ""[022]机油5W40208L""}]",2020/5/18 18:13,2020/5/18 18:13,3.10E+20,中国,2018,北京奔驰,奔驰GLC级,国产,507760,汽油,手自一体变速器,1991,2.0T,TRUE,LE40G4KB2JL192503沪A885G2上海中升之星汽车销售服务有限公司
184288186,31,117553345,3.10114E+14,LE40B4GB5KL379906,保养维修,88,1572192000,294367,20200519,上海中升之星汽车销售服务有限公司,"[{""name"": ""拆卸 安装车轮（1）REMOUNT"", ""hours"": ""0.3""}, {""name"": ""对车轮（1）进行静平衡（已拆下车轮）"", ""hours"": ""0.1""}, {""name"": ""更换轮胎（右后轮）"", ""hours"": ""0.3""}]","[{""qty"": ""1.0"", ""code"": ""MQALCN89986698"", ""name"": ""[022]轮胎""}]",2020/5/19 12:42,2020/5/19 12:42,3.10E+20,中国,2019,北京奔驰,奔驰GLC级,国产,437400,汽油,手自一体变速器,1991,2.0T,TRUE,LE40B4GB5KL379906沪BSS520上海中升之星汽车销售服务有限公司
184466708,31,117637514,3.10112E+14,LE40G4GB8GL017707,检查,368,1567008000,WXJSDI1102I190831014,20190929,上海永达英菲尼迪七宝汽车销售服务有限公司,"[{""name"": ""车辆检查"", ""hours"": ""0.0""}]","[{""qty"": ""3.00"", ""code"": ""54580EG00A"", ""name"": ""销－横拉杆""}]",2020/5/20 13:21,2020/5/20 13:21,310112005466000WXJSDI1102I190831014,中国,2016,北京奔驰,奔驰GLC级,国产,438075,汽油,手自一体变速器,1991,2.0T,TRUE,LE40G4GB8GL017707沪K02338上海永达英菲尼迪七宝汽车销售服务有限公司
185516138,31,118069101,3.10115E+14,LE40G4GB0JL202809,汽车电子健康档案数据,157,1571932800,60708,20200526,上海可达汽车销售服务有限公司,"[{""name"": ""进行带附加组件的B类保养范围"", ""hours"": ""1.1""}]","[{""qty"": ""1.0"", ""code"": ""MA270 180 01 09"", ""name"": ""机油滤芯""}, {""qty"": ""1.0"", ""code"": ""MA274 094 02 04"", ""name"": ""空气滤芯""}, {""qty"": ""6.5"", ""code"": ""MA000 989 83 01/  UCN8"", ""name"": ""原厂银美孚5W40（208L）""}]",2020/5/26 15:50,2020/5/26 15:50,3.10E+19,中国,2018,北京奔驰,奔驰GLC级,国产,438075,汽油,手自一体变速器,1991,2.0T,TRUE,LE40G4GB0JL202809京Q62WA6上海可达汽车销售服务有限公司
185133292,31,117894281,3.1E+14,LE4GG8BB8DL200954,小修,59,1568822400,19110016,20191031,上海舒福泰汽车修理有限公司,"[{""name"": ""前保油漆（结算到公务车上）"", ""hours"": ""0.0""}]",,2020/5/24 8:46,2020/5/24 8:46,3.10E+22,中国,2013,北京奔驰,奔驰GLK级,国产,477000,汽油,手自一体变速器,2996,3.0L,TRUE,LE4GG8BB8DL200954苏JQS615上海舒福泰汽车修理有限公司
184722868,31,117743467,3.10112E+14,LBVTZ4105KSU56735,左前门 左后门 左后叶 后保 右后叶  拆装 整形 喷漆 左后钢圈修复,12,1569945600,2.02E+17,20200521,Shanghai Debao service location,"[{""name"": ""VHC 车辆健康检查"", ""hours"": ""1.00""}, {""name"": ""(太平洋)标的 (更换左后门左后叶"", ""hours"": ""0.00""}, {""name"": ""钣金附件拆装"", ""hours"": ""102""}, {""name"": ""钣金附件拆装"", ""hours"": ""54""}, {""name"": ""涂底"", ""hours"": ""30""}, {""name"": ""中涂"", ""hours"": ""30""}, {""name"": ""喷漆"", ""hours"": ""48""}, {""name"": ""抛光"", ""hours"": ""25""}, {""name"": ""☆ 尊敬的客户：上海德宝预约专线021-31222800，预约可以帮您提前准备工位，人员，配件，优先安排，便于沟通，节约时间。技术电话4001013128，本次维修中您的车辆胎压将会调整至前轮气压___2.2___BAR后轮气压__2.4"", ""hours"": ""0.00""}, {""name"": ""已告知客户，本店支持的支付方式有现金，储蓄卡，支付宝，公司转账。"", ""hours"": ""0.00""}, {""name"": ""我是您的本次服务顾问张多，联系电话18301911906。您的保险公司：＿＿＿"", ""hours"": ""0.00""}, {""name"": ""人有医保，车有延保。在年底前，只要购买任意期限的延保，即有好礼相送详情可咨询店内服务顾问。本次服务顾问已向您__________介绍BMW原厂延保服务。"", ""hours"": ""0.00""}, {""name"": ""左前门 左后门 左后叶 后保 右后叶  拆装 整形 喷漆 左后钢圈修复"", ""hours"": ""0.00""}, {""name"": ""替换采用失压续跑轮胎技术的轮辋"", ""hours"": ""9""}, {""name"": ""替换一个采用失压续跑轮胎技术的"", ""hours"": ""9""}, {""name"": ""用至结构位置的车辆负载进行四轮"", ""hours"": ""17""}, {""name"": ""调整前桥前束"", ""hours"": ""2""}, {""name"": ""调整后桥"", ""hours"": ""6""}, {""name"": ""卡子"", ""hours"": ""0.27""}]","[{""qty"": ""1.00"", ""code"": ""B51.71.7.002.953"", ""name"": ""膨胀铆钉""}, {""qty"": ""8.00"", ""code"": ""B07.14.7.169.847"", ""name"": ""塑料固定螺帽 带垫圈""}, {""qty"": ""1.00"", ""code"": ""B41.00.7.494.011"", ""name"": ""左后侧围""}, {""qty"": ""20.00"", ""code"": ""B41.31.8.412.638"", ""name"": ""T 焊接螺栓""}, {""qty"": ""1.00"", ""code"": ""B51.12.9.498.811"", ""name"": ""左侧车门槛饰件""}, {""qty"": ""1.00"", ""code"": ""B51.13.9.450.113"", ""name"": ""护条 车门 左后""}, {""qty"": ""1.00"", ""code"": ""B51.21.7.401.203"", ""name"": ""支架 车门外拉手 左""}, {""qty"": ""1.00"", ""code"": ""B51.21.9.491.457"", ""name"": ""车门把手 已上底漆 外部 左侧""}, {""qty"": ""1.00"", ""code"": ""B51.22.7.473.147"", ""name"": ""系统锁 左""}, {""qty"": ""1.00"", ""code"": ""B51.35.7.393.431"", ""name"": ""导轨封条 后车门 左""}, {""qty"": ""1.00"", ""code"": ""B51.35.7.498.157"", ""name"": ""架梁 后车门 左侧""}, {""qty"": ""1.00"", ""code"": ""B51.71.7.394.817"", ""name"": ""盖板 轮罩 左后""}, {""qty"": ""1.00"", ""code"": ""B51.72.2.712.750"", ""name"": ""车门密封条""}, {""qty"": ""1.00"", ""code"": ""B51.76.7.494.945"", ""name"": ""密封件 后行李箱盖""}, {""qty"": ""1.00"", ""code"": ""B51.77.7.181.679"", ""name"": ""车轮罩板 左后""}, {""qty"": ""1.00"", ""code"": ""B51.77.7.181.680"", ""name"": ""车轮罩板 右后""}, {""qty"": ""1.00"", ""code"": ""B83.12.0.390.086"", ""name"": ""空腔防蚀 - 除蜡剂""}, {""qty"": ""150.00"", ""code"": ""B83.19.0.301.421"", ""name"": ""盲铆钉""}, {""qty"": ""1.00"", ""code"": ""B83.19.2.157.298"", ""name"": ""车身粘结剂 K5b""}, {""qty"": ""42.00"", ""code"": ""B83.19.2.158.079"", ""name"": ""冲孔铆钉 N5""}, {""qty"": ""1.00"", ""code"": ""B83.19.2.158.654"", ""name"": ""车身粘结剂 K5a""}, {""qty"": ""1.00"", ""code"": ""B83.19.2.211.217"", ""name"": ""清洁剂""}, {""qty"": ""20.00"", ""code"": ""B83.19.2.457.307"", ""name"": ""冲孔铆钉 N4""}, {""qty"": ""1.00"", ""code"": ""B83.42.2.409.985"", ""name"": ""焊缝密封条""}, {""qty"": ""1.00"", ""code"": ""B41.00.7.465.533"", ""name"": ""左后车门""}, {""qty"": ""50.00"", ""code"": ""B83.19.2.457.307"", ""name"": ""冲孔铆钉 N4""}, {""qty"": ""4.00"", ""code"": ""Z99997000001"", ""name"": ""原厂指定品牌 油漆""}, {""qty"": ""1.00"", ""code"": ""B36.11.2.460.677"", ""name"": ""053787 fd轻合金盘式轮辋""}, {""qty"": ""20.00"", ""code"": ""B51.71.7.002.953"", ""name"": ""膨胀铆钉""}, {""qty"": ""1.00"", ""code"": ""Z99822455095"", ""name"": ""053788 倍耐力245 50R19 105W RSC原厂指定""}, {""qty"": ""1.00"", ""code"": ""M36.12.1.178.869"", ""name"": ""轮胎气门嘴""}]",2020/5/21 23:00,2020/5/21 23:00,3.10E+32,中国,2019,华晨宝马,宝马X3,国产,399800,汽油,手自一体变速器,1998,2.0T,TRUE,LBVTZ4105KSU56735沪F80245Shanghai Debao service location
185132690,31,117888510,3.1E+14,LBVTZ4106KSP20819,小修,93,1568736000,19090153,20190918,上海舒福泰汽车修理有限公司,"[{""name"": ""更换机油，机滤，空滤"", ""hours"": ""3.0""}]","[{""qty"": ""2.00"", ""code"": ""JZMF1"", ""name"": ""金装美孚1号0W40/1L""}, {""qty"": ""1.00"", ""code"": ""机滤"", ""name"": ""机滤""}, {""qty"": ""1.00"", ""code"": ""金美孚1号 0W40 4L"", ""name"": ""金美孚1号 0W40 4L""}, {""qty"": ""1.00"", ""code"": ""空滤"", ""name"": ""空滤""}]",2020/5/24 8:45,2020/5/24 8:45,3.10E+22,中国,2019,华晨宝马,宝马X3,国产,399800,汽油,手自一体变速器,1998,2.0T,TRUE,LBVTZ4106KSP20819沪L51036上海舒福泰汽车修理有限公司
185224862,31,117930133,3.10112E+14,LBVTZ0100LSU19134,右后车门(喷漆),2,1570464000,2.02E+17,20200515,Shanghai Baoxin Service location,"[{""name"": ""右后车门(喷漆)"", ""hours"": ""25.00""}, {""name"": ""前保险杠饰板(喷漆)"", ""hours"": ""19.00""}, {""name"": ""左前轮罩挡板(喷漆)"", ""hours"": ""8.00""}, {""name"": ""右前轮罩挡板(喷漆)"", ""hours"": ""8.00""}, {""name"": ""右后轮罩挡板(喷漆)"", ""hours"": ""7.00""}, {""name"": ""右车门槛条(喷漆)"", ""hours"": ""10.00""}, {""name"": ""左前翼子板(喷漆)"", ""hours"": ""19.00""}, {""name"": ""右后翼子板(喷漆)"", ""hours"": ""27.00""}, {""name"": ""右前车门(喷漆)"", ""hours"": ""37.00""}, {""name"": ""后保险杠饰板(喷漆)"", ""hours"": ""29.00""}, {""name"": ""右车外后视镜盖板(喷漆)"", ""hours"": ""8.00""}, {""name"": ""右前叶右前A柱右后叶内 油漆"", ""hours"": ""50.00""}, {""name"": ""N A"", ""hours"": ""0.00""}, {""name"": ""前部事故 左侧右侧事故 拆检报价"", ""hours"": ""1.00""}, {""name"": ""电子底盘测量系统"", ""hours"": ""16.00""}, {""name"": ""车前盖(喷漆)"", ""hours"": ""32.00""}]",,2020/5/25 1:32,2020/5/25 1:31,3.10E+32,中国,2020,华晨宝马,宝马X3,国产,439800,汽油,手自一体变速器,1998,2.0T,TRUE,LBVTZ0100LSU19134N/12991Shanghai Baoxin Service location
185778311,31,118169327,3.10115E+14,LBVTZ6107KST71794,装配液晶钥匙,76,1572451200,2.02E+17,20200527,上海宝诚申江汽车销售服务有限公司,"[{""name"": ""装配液晶钥匙"", ""hours"": ""1""}, {""name"": ""VHC 免费检查"", ""hours"": ""4.00""}]","[{""qty"": ""1.00"", ""code"": ""B66.12.9.877.462"", ""name"": ""BMW 显示屏 钥匙""}]",2020/5/27 23:04,2020/5/27 23:04,3.10E+32,中国,2019,华晨宝马,宝马X3,国产,541300,汽油,手自一体变速器,1998,2.0T,TRUE,LBVTZ6107KST71794沪ATB318上海宝诚申江汽车销售服务有限公司
187478531,31,118757787,3.1E+14,WBAPC71088WD78962,太平 034426,1167,1565107200,2.02E+17,20200602,上海宝诚中环汽车销售服务有限公司,"[{""name"": ""右内侧架整形"", ""hours"": ""20""}, {""name"": ""钣金辅助拆装"", ""hours"": ""15""}, {""name"": ""右前车门做底（大）"", ""hours"": ""17.00""}, {""name"": ""右前车门面漆"", ""hours"": ""6.00""}, {""name"": ""右前车门抛光"", ""hours"": ""4.00""}, {""name"": ""右前叶子板做底（大）"", ""hours"": ""17.00""}, {""name"": ""右前叶子板面漆"", ""hours"": ""6.00""}, {""name"": ""右前叶子板抛光"", ""hours"": ""4.00""}, {""name"": ""A柱及B柱 做底"", ""hours"": ""30.00""}, {""name"": ""A柱及B柱 面漆"", ""hours"": ""30.00""}, {""name"": ""A柱及B柱 抛光"", ""hours"": ""8.00""}, {""name"": ""整形工时"", ""hours"": ""70""}, {""name"": ""更新右前雾灯格栅及拖车盖板"", ""hours"": ""25""}, {""name"": ""前保拆装"", ""hours"": ""15""}, {""name"": ""前保险杠做底（大）"", ""hours"": ""24.00""}, {""name"": ""前保险杠面漆"", ""hours"": ""8.00""}, {""name"": ""前保险杠抛光"", ""hours"": ""4.00""}, {""name"": ""右侧事故拆解报价"", ""hours"": ""15""}, {""name"": ""太平 034426"", ""hours"": ""0.00""}, {""name"": ""更换右前车门及附件"", ""hours"": ""45""}, {""name"": ""右前叶整形"", ""hours"": ""12""}, {""name"": ""更换右前车门升降机( 补照 )"", ""hours"": ""6""}, {""name"": ""更换右前A柱"", ""hours"": ""180""}, {""name"": ""B柱整形"", ""hours"": ""20""}, {""name"": ""更换右侧裙边"", ""hours"": ""10""}, {""name"": ""更换右前门内饰板"", ""hours"": ""10""}]","[{""qty"": ""1.00"", ""code"": ""B51.71.3.330.866"", ""name"": ""盖板 车门槛 右""}, {""qty"": ""1.00"", ""code"": ""B51.48.3.449.838"", ""name"": ""隔音件 前车门 右""}, {""qty"": ""1.00"", ""code"": ""B51.33.3.331.189"", ""name"": ""车门密封条 下部""}, {""qty"": ""1.00"", ""code"": ""B41.51.3.453.230"", ""name"": ""制车器 前部""}, {""qty"": ""1.00"", ""code"": ""B41.00.3.451.016"", ""name"": ""车门 右前""}, {""qty"": ""10.00"", ""code"": ""B51.71.1.932.996"", ""name"": ""065016 套管 绿色""}, {""qty"": ""10.00"", ""code"": ""B51.71.7.002.953"", ""name"": ""065016 膨胀铆钉""}, {""qty"": ""1.00"", ""code"": ""B83.42.2.409.985"", ""name"": ""焊缝密封条""}, {""qty"": ""1.00"", ""code"": ""B41.00.3.449.752"", ""name"": ""A 柱 外侧(右)""}, {""qty"": ""1.00"", ""code"": ""B51.33.3.448.250"", ""name"": ""车窗升降机 无电动机 右前""}, {""qty"": ""1.00"", ""code"": ""B51.71.3.330.870"", ""name"": ""加强件 右""}, {""qty"": ""1.00"", ""code"": ""Z990020000048"", ""name"": ""车间辅料""}, {""qty"": ""2.00"", ""code"": ""Z99002000052"", ""name"": ""workshop consumable QA10010T""}, {""qty"": ""4.00"", ""code"": ""B83.19.0.416.659"", ""name"": ""丁烯卷绳 Terostat 81""}, {""qty"": ""1.00"", ""code"": ""B51.11.3.416.210"", ""name"": ""前部拖钩盖板""}, {""qty"": ""1.00"", ""code"": ""B51.11.3.423.790"", ""name"": ""饰板 前雾灯 已上底漆 右""}, {""qty"": ""30.00"", ""code"": ""B51.77.7.171.004"", ""name"": ""膨胀铆钉 黑色""}, {""qty"": ""1.00"", ""code"": ""Z99004300054"", ""name"": ""ZX内饰清洁""}]",2020/6/2 13:03,2020/6/2 13:03,3.10E+32,德国,2008,宝马,宝马X3,进口,566000,汽油,手自一体变速器,2497,2.5L,TRUE,WBAPC71088WD78962沪HL5280上海宝诚中环汽车销售服务有限公司
187632789,31,118891242,3.10115E+14,WBAWX3105H0B76401,（使用5W-30机油）悦享保养套餐，机油保养，预计费用： 961元,322,1569081600,2.02E+17,20200604,上海凡德汽车销售服务有限公司,"[{""name"": ""（使用5W-30机油）悦享保养套餐，机油保养，预计费用： 961元"", ""hours"": ""0.00""}, {""name"": ""保养标准范围"", ""hours"": ""2""}, {""name"": ""发动机油保养"", ""hours"": ""3""}]","[{""qty"": ""1.00"", ""code"": ""B11.42.7.953.129"", ""name"": ""组件 机油滤清器滤芯""}, {""qty"": ""4.80"", ""code"": ""B83.21.2.365.710"", ""name"": ""BMW 双涡流涡轮 LL-01FE 0W-30""}]",2020/6/4 13:04,2020/6/4 13:04,3.10E+32,德国,2017,宝马,宝马X3,进口,498000,汽油,手自一体变速器,1997,2.0T,TRUE,WBAWX3105H0B76401沪DHT692上海凡德汽车销售服务有限公司
184726339,31,117740162,3.10115E+14,WBAKR0109H0V01989,检查轮胎并报价,559,1565193600,2.02E+17,20200521,上海宝诚申江汽车销售服务有限公司,"[{""name"": ""更换制动液"", ""hours"": ""0.00""}, {""name"": ""VHC 免费检查"", ""hours"": ""4.00""}, {""name"": ""机油'长悦'保养套餐  OIL SERVICE( 费用:1765 RMB)0W30"", ""hours"": ""0.00""}, {""name"": ""火花塞 '长悦'保养套餐( 费用预计: 1373 RMB)"", ""hours"": ""0.00""}, {""name"": ""制动液 '长悦'保养套餐   BRAKE FLUID( 费用预计: 325 RMB)"", ""hours"": ""0.00""}, {""name"": ""更换变速油套餐(费用：7180 RMB )"", ""hours"": ""0.00""}, {""name"": ""发动机系统保养1（费用450RMB)"", ""hours"": ""8.48""}, {""name"": ""变速箱养护8速（费用7180RMB)"", ""hours"": ""92.14""}, {""name"": ""保养标准范围"", ""hours"": ""2""}, {""name"": ""发动机油保养"", ""hours"": ""3""}, {""name"": ""火花塞保养"", ""hours"": ""11""}, {""name"": ""制动液保养"", ""hours"": ""4""}, {""name"": ""检查轮胎并报价"", ""hours"": ""0.00""}, {""name"": ""雨刮片'长悦'保养套餐( 费用预计: RMB)尊耀会员"", ""hours"": ""0.00""}, {""name"": ""更新两个刮水器刮片"", ""hours"": ""1""}, {""name"": ""邓275 40R20 106W RSC *2 气门嘴"", ""hours"": ""0.00""}, {""name"": ""邓315 35R20 110W RSC *2 气门嘴"", ""hours"": ""0.00""}, {""name"": ""四轮定位*1"", ""hours"": ""0.00""}, {""name"": ""四轮定位"", ""hours"": ""20""}, {""name"": ""替换两个采用失压续跑轮胎技术的"", ""hours"": ""17""}, {""name"": ""替换两个采用失压续跑轮胎技术的"", ""hours"": ""17""}]","[{""qty"": ""1.00"", ""code"": ""B11.42.7.953.129"", ""name"": ""组件 机油滤清器滤芯""}, {""qty"": ""6.00"", ""code"": ""B12.12.0.037.582"", ""name"": ""大功率火花塞""}, {""qty"": ""1.00"", ""code"": ""B61.61.0.039.697"", ""name"": ""组件 刮水器刮片""}, {""qty"": ""1.00"", ""code"": ""B83.13.2.406.162"", ""name"": ""制动液 DOT4低粘度""}, {""qty"": ""6.50"", ""code"": ""B83.21.2.365.511"", ""name"": ""TURBO LL-01""}, {""qty"": ""1.00"", ""code"": ""Z99999999999"", ""name"": ""保养辅料""}, {""qty"": ""0.08"", ""code"": ""Z99030000000"", ""name"": ""粘贴式平衡块""}, {""qty"": ""2.00"", ""code"": ""B36.12.1.116.326"", ""name"": ""轮胎气门嘴""}, {""qty"": ""0.08"", ""code"": ""Z99030000000"", ""name"": ""粘贴式平衡块""}, {""qty"": ""2.00"", ""code"": ""B36.12.1.116.326"", ""name"": ""轮胎气门嘴""}, {""qty"": ""2.00"", ""code"": ""Z99842754006"", ""name"": ""邓禄普275 40R20 106W MAXXGT ROF #""}, {""qty"": ""2.00"", ""code"": ""Z99843153506"", ""name"": ""邓禄普315 35R20 110W MAXXGT RSC #""}]",2020/5/21 23:12,2020/5/21 23:12,3.10E+32,德国,2017,宝马,宝马X5,进口,942114.2857,汽油,手自一体变速器,2979,3.0T,TRUE,WBAKR0109H0V01989沪GS3092上海宝诚申江汽车销售服务有限公司
185037832,31,117871732,3.1E+14,WBAZV4101BL811366,,,1567353600,W1909020002,20190902,上海瑞连实业发展有限公司,"[{""name"": ""更换电瓶"", ""hours"": ""5.0""}]","[{""qty"": ""1.00"", ""code"": ""电瓶"", ""name"": ""电瓶""}]",2020/5/23 17:00,2020/5/23 17:00,310000008298000W1909020002,德国,2011,宝马,宝马X5,进口,985125,汽油,手自一体变速器,2979,3.0T,TRUE,WBAZV4101BL811366沪DQU236上海瑞连实业发展有限公司
185132384,31,117888241,3.1E+14,WBAKR0103H0W32027,小修,34,1565625600,19080136,20190815,上海舒福泰汽车修理有限公司,"[{""name"": ""后背门整形油漆"", ""hours"": ""16.7""}]",,2020/5/24 8:44,2020/5/24 8:44,3.10E+22,德国,2017,宝马,宝马X5,进口,942114.2857,汽油,手自一体变速器,2979,3.0T,TRUE,WBAKR0103H0W32027沪DVS376上海舒福泰汽车修理有限公司
185132633,31,117888478,3.1E+14,WBAKR0103H0W32027,小修,376,1568217600,19090116,20190914,上海舒福泰汽车修理有限公司,"[{""name"": ""前保，后保油漆"", ""hours"": ""26.7""}]",,2020/5/24 8:45,2020/5/24 8:45,3.10E+22,德国,2017,宝马,宝马X5,进口,942114.2857,汽油,手自一体变速器,2979,3.0T,TRUE,WBAKR0103H0W32027沪DVS376上海舒福泰汽车修理有限公司
185132643,31,117888460,3.1E+14,WBAZV41098BL45291,小修,,1567180800,19090096,20190912,上海舒福泰汽车修理有限公司,"[{""name"": ""更换轮胎"", ""hours"": ""0.0""}]","[{""qty"": ""1.00"", ""code"": ""11127587804"", ""name"": ""气门室盖垫""}, {""qty"": ""1.00"", ""code"": ""1127584128"", ""name"": ""废气管""}, {""qty"": ""1.00"", ""code"": ""11428637820"", ""name"": ""机油散热器密封圈""}, {""qty"": ""1.00"", ""code"": ""11428637821"", ""name"": ""机油压力传感器""}, {""qty"": ""6.00"", ""code"": ""12120039664"", ""name"": ""火花塞""}, {""qty"": ""6.00"", ""code"": ""12138616153"", ""name"": ""点火线圈""}, {""qty"": ""1.00"", ""code"": ""DCN176501"", ""name"": ""灰胶""}, {""qty"": ""1.00"", ""code"": ""HQJ"", ""name"": ""化清剂""}, {""qty"": ""1.00"", ""code"": ""嘉实多极护1L"", ""name"": ""极护1L""}, {""qty"": ""2.00"", ""code"": ""米其林255/55R18"", ""name"": ""米其林255/55R18""}, {""qty"": ""1.00"", ""code"": ""瓦尔塔AGM90AH"", ""name"": ""瓦尔塔AGM90AH""}]",2020/5/24 8:45,2020/5/24 8:44,3.10E+22,德国,2008,宝马,宝马X5,进口,985125,汽油,手自一体变速器,2979,3.0T,TRUE,WBAZV41098BL45291沪KC8870上海舒福泰汽车修理有限公司
185132713,31,117888533,3.1E+14,WBAKR0103E0J30050,小修,915,1568908800,19090177,20190920,上海舒福泰汽车修理有限公司,"[{""name"": ""更换机油，机滤，空滤（材料自带）"", ""hours"": ""3.3""}]",,2020/5/24 8:45,2020/5/24 8:45,3.10E+22,德国,2014,宝马,宝马X5,进口,942114.2857,汽油,手自一体变速器,2979,3.0T,TRUE,WBAKR0103E0J30050沪FWF985上海舒福泰汽车修理有限公司
185265958,31,117950093,3.1E+14,WBALS2106J0Z38682,发动机油保养,354,1571414400,2.02E+17,20200523,上海众国宝泓汽车销售服务有限公司,"[{""name"": ""发动机油保养"", ""hours"": ""3""}, {""name"": ""机油保养030（保养卡）"", ""hours"": ""0.00""}, {""name"": ""VHC车辆健康检查"", ""hours"": ""1.00""}, {""name"": ""预估价格：      元友情提醒：最后价格可能与预估价格有15%的浮动"", ""hours"": ""0.00""}, {""name"": ""▲经检查，我处建议更换："", ""hours"": ""0.00""}, {""name"": ""★BMW悦享套餐12项全国透明保养价格★BMW终身免费事故救援热线4008129999★建议您下次保养维修前预约36365678★我们会提供电子保养记录★旧件保留_是_否_★贵重物品是否带走_是_否_★长悦活动：保养卡、划痕卡、玻"", ""hours"": ""0.00""}, {""name"": ""保养用辅料"", ""hours"": ""82.76""}, {""name"": ""2. 雨刮片磨损"", ""hours"": ""0.00""}, {""name"": ""拆卸和安装左前或右前车门饰件"", ""hours"": ""6""}, {""name"": ""用至结构位置的车辆负载进行四轮"", ""hours"": ""18""}, {""name"": ""保养标准范围"", ""hours"": ""2""}]","[{""qty"": ""1.00"", ""code"": ""B11.42.7.953.129"", ""name"": ""组件 机油滤清器滤芯""}, {""qty"": ""4.75"", ""code"": ""B83.21.2.365.511"", ""name"": ""BMW 0W-30 PurePlus 润滑油       GP""}]",2020/5/25 9:40,2020/5/25 9:39,3.10E+32,德国,2018,宝马,宝马X5,进口,758000,汽油,手自一体变速器,1997,2.0T,TRUE,WBALS2106J0Z38682皖NQY189上海众国宝泓汽车销售服务有限公司
186110980,31,118282874,3.10115E+14,WBAKR0109H0V00566,客户反映油表不准,763,1565193600,2.02E+17,20200528,上海凡德汽车销售服务有限公司,"[{""name"": ""客户反映油表不准"", ""hours"": ""0.00""}]",,2020/5/28 23:04,2020/5/28 23:04,3.10E+32,德国,2017,宝马,宝马X5,进口,942114.2857,汽油,手自一体变速器,2979,3.0T,TRUE,WBAKR0109H0V00566沪BHU719上海凡德汽车销售服务有限公司
187721187,31,118987615,3.10115E+14,WBAFE41079L255738,替换角撑架,687,1568563200,2.02E+17,20200605,上海凡德汽车销售服务有限公司,"[{""name"": ""替换角撑架"", ""hours"": ""19""}]","[{""qty"": ""1.00"", ""code"": ""B11.61.2.458.830"", ""name"": ""Blow-By 加热器""}, {""qty"": ""2.00"", ""code"": ""B11.61.7.535.849"", ""name"": ""螺栓""}, {""qty"": ""1.00"", ""code"": ""B12.31.2.458.831"", ""name"": ""组件 铝质螺栓 发电机""}]",2020/6/5 23:10,2020/6/5 23:10,3.10E+32,德国,2009,宝马,宝马X5,进口,921428.5714,汽油,手自一体变速器,2996,3.0L,TRUE,WBAFE41079L255738沪A53H55上海凡德汽车销售服务有限公司
