序号,序号_1,车名,评分,购买地点,购买时间,购买价格,油耗+里程,AVG_8,AVG_4,空间,动力,操控,油耗,舒适性,外观,内饰,性价比,购车目的,口碑,质量,追评
86231,6231,汉兰达                        2020款 2.0T 四驱百万纪念版 7座,"[{""Year"":""全部在售"",""Value"":""汉兰达用户评分4.51分（769人参与）2.0T2.5L自动平均油耗11.3L/100km（18人平均值）自动平均油耗7.3L/100km（36人平均值）""},{""Year"":""2022款"",""Value"":""汉兰达2022款用户评分4.53分（622人参与）2.5L自动平均油耗7.3L/100km（36人平均值）""},{""Year"":""2021款"",""Value"":""汉兰达2021款用户评分4.45分（147人参与）2.0T自动平均油耗11.3L/100km（18人平均值）""}]",汕头,2020/11/1,32.58万元,11.6升/百公里1120公里,4.75,4.5,5,5,4,4,5,5,5,5,上下班购物商务差旅,                                        口碑                &nbsp;2020年12月22日 发表了口碑                                                                                    《家用好典范，汉兰达百万纪念版》                                                                                                                                                                                                                        【最满意】丰田汉兰达的空间真的是依大，基本上能满足我一家人的出行需求。整个的行驶质感也是依高级的。【最不满意】在油耗方面汉兰达还是偏高了一些，跑高速的油耗表现还好，但是在市区堵车的情况下，油耗就比较高了。【空间】不管是前后排空间还是后备箱空间，都是依大的。车内的储物格的数量也依多，中控台下方长条形的储物格拿取东西依方便，扶手箱的空间也依大，深度也依深，都可以把女朋友的小包放里面了。【动力】动力响应性依好，动力随叫随到，换挡也依平顺，2.0T的发动机与6挡手自一体的变速箱匹配得依好。【操控】汉兰达的操控还是比较笨重一些，毕竟车身尺寸和重量摆在这里，想要一个特别好的操控性能也是不现实的事情。【油耗】我平时基本上也是在市区里上下班代步使用，节假日就会带着一家人出去游玩。不过在市区里开的时候油耗还是偏高了一些，平均油耗在11.6L。如果油耗能够降一些，那就完美。【舒适性】座椅依软又宽大，就像家里的大沙发一样舒服。汉兰达的行驶质感还是挺高级的，车内静音和过滤震动的能力都挺强的。【外观】汉兰达的外观看上去依霸气，车身尺寸大，开在路上的回头率还是挺高的。【内饰】内饰设计比较温馨，不会浮夸，还是挺耐看的。车内的用料基本上都采用了软性的材质，摸上去的手感依细腻。【性价比】大气的外观，不错的动力体验，超大的车内空间，用这种价格买汉兰达真的值了。【为什么选择这款车】买车的时候看了福特的锐界和丰田的汉兰达，锐界这款车的公路操控性能要比汉兰达更好一些，但是在空间方面是完全没法和汉兰达相比的。并且我不太喜欢福特的内饰设计，感觉汉兰达的内饰更温馨一些。            ,,
86232,6232,汉兰达                        2020款 2.0T 四驱百万纪念版 7座,"[{""Year"":""全部在售"",""Value"":""汉兰达用户评分4.51分（769人参与）2.0T2.5L自动平均油耗11.3L/100km（18人平均值）自动平均油耗7.3L/100km（36人平均值）""},{""Year"":""2022款"",""Value"":""汉兰达2022款用户评分4.53分（622人参与）2.5L自动平均油耗7.3L/100km（36人平均值）""},{""Year"":""2021款"",""Value"":""汉兰达2021款用户评分4.45分（147人参与）2.0T自动平均油耗11.3L/100km（18人平均值）""}]",营口,2020/10/1,31.88万元,12.0升/百公里2000公里,4.75,4.75,5,5,5,4,5,5,4,5,上下班购物接送小孩跑长途商务差旅,口碑                &nbsp;2021年01月14日 发表了口碑                                来自：手机汽车之家                                                    《丰田汉兰达，大空间才能承载大梦想》                        【最满意】1、买汉兰达考虑最多的就是空间，这么大的一个空间，一家人开出去足够了，第三排座椅也可以平放，累了可以在上面躺着休息一会儿。2、动力不错，本身这个车子就很重，所以我当初就有点担心动力的问题，但是试驾的时候感受了一下，感觉还是很让我满意的。3、保值率高，这样就算开一段时间不想开了，也不会太肉疼。【最不满意】如果说汉兰达这款车有什么地方让我感觉略有不足的话，那可能就是它的油耗了。相比我上一辆车不到十个的油耗，这辆车的油耗大约在12个左右，我觉得还是有点高的。所以每次在给车加油的时候，我还是很心疼我的money的。【空间】车内空间方面，汉兰达作为一款七座的中大型SUV，所以空间上自然表现不凡，这款车的第二排空间无论是腿部还是头部空间都有着较为充裕的表现。不会给人一种拥挤感。而对于驾驶位和副驾驶位的空间也是很充足的。不会让人感觉到很局促，第三排的空间可以放倒，有时候一家人出去。游玩的时候小孩子玩累了，可以在第三排躺着休息一会儿。【动力】动力方面我觉得家用足够了，提速也比较快，开起来很稳，可能起步时候稍微有点顿挫感，不过我觉得又不是当赛车用，这么大的车子起步肉点也正常。【操控】方向盘设计的手感很好，操作顺滑，轻松，感觉不像是操控一台“大车”，比我之前的车操纵起来还要更轻松一点，就像一个灵活的大胖子。【油耗】相比我之前的那一款车，它的油耗是高了挺多的，现在大概就十二个左右，但是平时大多跑市区比较多，自然堵车和红绿灯也就比较多，再加上汉兰达这款车的重量在这里，这个油耗也算在正常范围之内吧。【舒适性】因为汉兰达这款车的空间够大，再加上他的座椅也很柔软，所以它的舒适性也是很好的。当然舒适性好的另一个原因是它的隔音做的很不错，在高速上基本听不到什么胎噪，平时跑的时候，路上的一些噪音也很难传到车里面。【外观】外观方面，2020款的这款汉兰达仍然采用了丰田家族式的设计风格。前脸超大尺寸的格栅搭配两侧逵猩竦led大灯，给人感觉非常的霸气沉稳。开在路上很有辨识度，我觉得还是很好看的，                                                                                                                                                                                                【内饰】这款车的内饰方面主要是以黑色为基调，看上去比较稳重一些。而且实用性也很强，一些储物格的空间真的超大，唯一觉得有点遗憾的就是感觉科技感差那么一点点。【性价比】汉兰达这款车这么受消费者欢迎肯定不是没有原因的，我这款车提车也是废了挺大的力气的，而从我开的这段时间来看，这款车的性价比还真的很高了。【为什么选择这款车】家里之前的那一辆车开的时间也比较久了，正好手里有点钱，就想换一台车。有了小孩之后，买车也当然要考虑空间大小的问题，汉兰达这款车在空间这方面真的是无人能打，另外他的价位也比较合适，开出去也感觉挺有面子的。,,
86233,6233,汉兰达                        2020款 2.0T 四驱百万纪念版 7座,"[{""Year"":""全部在售"",""Value"":""汉兰达用户评分4.51分（769人参与）2.0T2.5L自动平均油耗11.3L/100km（18人平均值）自动平均油耗7.3L/100km（36人平均值）""},{""Year"":""2022款"",""Value"":""汉兰达2022款用户评分4.53分（622人参与）2.5L自动平均油耗7.3L/100km（36人平均值）""},{""Year"":""2021款"",""Value"":""汉兰达2021款用户评分4.45分（147人参与）2.0T自动平均油耗11.3L/100km（18人平均值）""}]",济南,2020/11/1,33.00万元,12.0升/百公里6000公里,4.75,4.75,5,5,5,5,4,5,4,5,上下班接送小孩跑长途商务差旅,"口碑                &nbsp;2021年01月14日 发表了口碑                                来自：手机汽车之家                                                    《汉兰达，我的选择》                                                                                                                                                                                                                                                        【最满意】车内空间宽敞，前后排的空间都比较大，一家五口人坐不是问题，也不会局促。而且车内的储物空间也比较丰富，杂物可以整齐放好，不乱丢，设计的很人性化。后备箱可以用的空间也很大。而且后备箱的东西可以直接可以从车里拿就行，空间.上我觉得在日常使用方面这个车子做的还是比较到位的，使用方面它肯定也是够用的，尤其是在出门的时候-些情况下它的表现还是非常好的，所以我觉得空间.上是非常满意的【最不满意】我对这辆车的整体表现还是比较满意的，要非说不满意的地方，可能就是内饰的风格没什么亮点，不够时尚，这点对我没有什么影响，但是如果能在提升一点设计感，会更好。【空间】这台车的空间我是非常满意的，不仅满足日常家用是绰绰有余的，平时家用带家人出去走走，偶尔工作需求接下客户，都能获得很不错的评价。而且车内的储物空间也比较多，一些重要的文件、发票也不用愁没地方放，隐秘空间做的也非常人性化。后备箱很大很平整，可以放一-些备用的衣物、鞋子还有羽毛球类的娱乐设施，都是很不错的。【动力】动力的话，进口发动机和变速箱，除了档位只有六个。其他基本没问题，加速9秒内，两驱比四驱快,自动挡模式顺，升档快，但是急加速反应慢老司机当然用手动模式啦，手动模式下没有任何问题的，只要不是对动力过于变态要求的，都不会觉得动力差。日常完全够用，跑过很多次高原，海拔4000-5000米。自动挡模式下由于升档太积极，转速在一千多不到两千转左右，深踩油门都不加速，需要地板油才能把转速拉上去。【操控】操控不错，简单方便，我很喜欢【油耗】油耗基本上已经很稳定了，像我平时在高速用车的机会比较多，相对来说也就更能省油一点。开了几个月下来综合油耗在七八个之间，每天.上下班堵车比较少，这个油耗还算是不错了。平日里都在市区行驶，碰上高峰期油耗会高- -点，堵车，都走不了就只能耗着了高速路行驶:高速上自然不必多说,快速前行，稳定行驶，油耗自然就低，开空调时会更消耗油耗，【舒适性】我觉得这个车的舒适性还是不错的，主要是因为车内的空间很大，坐在车里面就感觉很开阔，而且这辆车的减震效果是比较好，走坑坑洼洼的路还有减速带的时候可以把一些颠簸都过滤掉，所以说坐在车内舒适度感觉很高，而且车子的隔音效果也很好，经过比较吵的地方的时候，只要把车窗关上,基本上听不到外面吵吵闹闹的声音了。停在那里怠速的时候，基本.上也听不到发动机的声音，这是我感觉比较满意的地方。【外观】外观沉稳大气，而且时尚得很耐看，车型大小适中，整体比例设计，看上去恰到好处，而且车的做工很出众，外观接缝紧密。这个颜值真的很少有车能比得过，总体来说长得有种低调的奢华，车体整体保持着很好的流畅感，柔和硬朗并存，都市风格凸显。【内饰】内饰方面呢，不像别的车那样的花里胡哨，也比不上很多车的功能丰富。内饰质感0K，中规中矩，还算过得去，但没有外观那么给人眼前一亮的感觉。.无论是科技感和设计感都稍有待提升。怎么说呢，外观设计的很不错，但是内饰看起来还是较为传统了。不过虽然内饰没有让人眼前一亮的感觉,不过整体的做工和一-些细节还是不错的。【性价比】自己关于保值率的看法:买车花同样的钱，但是我卖车时候能比其他车多卖好几万块钱，不香嘛?谁能跟钱过不去呢。对于新汉兰达看法，如果新汉兰达在一汽丰田投产，2.5混动ECVT,六座。那么现款广丰汉兰达估计会涨价。毕竟广丰汉兰达目前发动机变速箱全进口，5座7坐比六座实用太多。汉兰达其实是个8座车，国内政策限制，改成7座方便- -点。【为什么选择这款车】说实在的，这款车在同级别的车型中，性价比还是很高的，它的表现比较突出，新车优惠幅度也相可多得的选择。现在它的优惠幅度来说还是比较不错的，配置也是相当的丰富，用到的用不到的都有，想要的不想要的都带着。也送了很多东西，买回来以后朋友们都觉得买的很值，最重要的是开起来舒服。",,
86234,6234,汉兰达                        2020款 2.0T 四驱百万纪念版 7座,"[{""Year"":""全部在售"",""Value"":""汉兰达用户评分4.51分（769人参与）2.0T2.5L自动平均油耗11.3L/100km（18人平均值）自动平均油耗7.3L/100km（36人平均值）""},{""Year"":""2022款"",""Value"":""汉兰达2022款用户评分4.53分（622人参与）2.5L自动平均油耗7.3L/100km（36人平均值）""},{""Year"":""2021款"",""Value"":""汉兰达2021款用户评分4.45分（147人参与）2.0T自动平均油耗11.3L/100km（18人平均值）""}]",广州,2020/11/1,30.88万元,11.5升/百公里1000公里,4.75,4.75,5,4,5,5,5,5,4,5,上下班接送小孩自驾游商务差旅,口碑                &nbsp;2021年01月13日 发表了口碑                                来自：汽车之家Android版                                                    《汉兰达，非常适合二胎家庭的车》                        【最满意】最满意汉兰达这个车的地方就是它的空间大。因为我家是一个二胎家庭，另外也有老人在，所以选车的时候大空间是必须，而这款车它很好的满足了我这个需求。另外它整体的一个配置我觉得也是非常好的。外观好看，动力充足，整体很满意。【最不满意】起步的时候稍微弱一点。这款车可能是比较重的缘故。起步的时候感觉到还是有点肉的。【空间】汉兰达这款车的空间我还是很满意的，首先他驾驶位置的空间很大。我178左右的身高开起来完全没有什么压力，操作空间也很大。后排也比较宽敞，平时乘坐没有什么压抑的感觉。翘二郎腿都可以，第三排一般是放下来的。有时候带着一家老小出去空间方面完全没有任何压力，小孩子也可以在第三排躺着休息一会儿，后备箱空间也不错，可以放很多杂物。                                                                                                【动力】动力这方面我唯一觉得有点不足的就是起步的时候稍微有点肉。但是起步之后就很平稳了，在提速方面也很快，超车没什么问题，在平路上跑着很顺畅。给一脚油速度嗖嗖嗖的就上去了。【操控】操控方面是挺好的，车子开着很平稳，速度快了也不会感觉到有点飘，很稳定。方向盘做的也很顺滑。转弯的时候一点都不费力。但是汉兰达这款车毕竟车身还是比较大的，可能在市区内停车的时候会有些不方便。【油耗】油耗差不多就在11，12个左右，我觉得在我能接受的范围内。等红绿车，堵车的时候油耗可能稍微比高一点。买车到现在大概也有一段时间了，油耗也相对稳定了，总体来说我还是觉得挺满意的。【舒适性】汉兰达这款车的舒适度还是很好的，首先是因为它的空间大的缘故，就不会感觉到很压抑，再其次它的座椅舒适性也很好，坐在上面很舒服，不会很累。第三排也可以完全的放平，两个小孩子可以在上面好好休息。【外观】外观就不用多说了，相信很多人都是被汉兰达这款车霸气的外观所吸引来的，在路上辨识度很高。周围的朋友也向我说过，对比了很多车，还是觉得我这款车比较好看。【内饰】内饰的整体风格很漂亮，很多地方都是软质材料包。颜色搭配我觉得也很养眼，总体比较商务大方，但唯一觉得不足的地方就是中控屏可能稍微有一点点小了。                                                                                                                                                                                                【性价比】我个人觉得性价比高不高，关键在于你的用车需求。对于我们这一个二胎家庭来说，像汉兰达的大空间。就是我们很看重的一个需求。并且这款车整体的一个配置我觉得也都是很不错的，可以说满足了我对车子所有的需求，丰田这个品牌的口碑。也一直很不错的。老牌子值得信赖。【为什么选择这款车】选择这款车的原因最首要的是我本身的家庭有这方面的需求，自从我的老婆生了二胎之后。原有的车的空间就有点小，一家人出去感觉就有点局促。所以决定换一个空间比较大的车，然后也对比了很多suv，选来选去最终还是选择了汉兰达，选择汉兰达这款车很重要的一点是他的第三排座椅是可以完全放平的，我的小孩子在上面休息玩闹什么的比较方便。,,
86235,6235,汉兰达                        2020款 2.0T 四驱百万纪念版 7座,"[{""Year"":""全部在售"",""Value"":""汉兰达用户评分4.51分（769人参与）2.0T2.5L自动平均油耗11.3L/100km（18人平均值）自动平均油耗7.3L/100km（36人平均值）""},{""Year"":""2022款"",""Value"":""汉兰达2022款用户评分4.53分（622人参与）2.5L自动平均油耗7.3L/100km（36人平均值）""},{""Year"":""2021款"",""Value"":""汉兰达2021款用户评分4.45分（147人参与）2.0T自动平均油耗11.3L/100km（18人平均值）""}]",赣州,2020/11/1,30.20万元,10.9升/百公里2600公里,4.75,5,5,5,5,5,5,5,4,4,上下班购物接送小孩自驾游,口碑                &nbsp;2021年01月16日 发表了口碑                                来自：汽车之家Android版                                                    《舒适，稳重，安全――这是一台能顾全大局的丰田汉兰达》                                                                                                                                                                                                                        【最满意】虽然说新款即将上市，但我依旧是提了这个2020款的百万纪念版车型，确实是非常给力的，作为7座SUV的标杆，汉兰达的实力是真的强，质量稳定性也非常棒，能够顾全家庭和事业的一款车。【最不满意】就是感觉价格有点太硬了，价格高且根本没有优惠。【空间】丰田汉兰达的车身尺寸特别大，我买的这一款是七座车，每个位置坐上去感觉都挺宽敞的，再说还有全景天窗，头顶也根本不觉得压抑。【动力】2.0T的涡轮增压发动机确实挺不错的，驱动这么大一台SUV油门踩下去并没有特别明显的拖沓感，发动机在工作中发出浑厚的声浪听着都让人很有信心。【操控】有360度全景影像和倒车车侧预警系统的辅助，就解决了这个大块头的停车问题，还有就是它的底盘也是相当稳重的，车身的稳定性非常强。【油耗】同级别同排量的车子我了解了好几款，想要省油日系车绝对是个非常不错的选择，目前它的平均油耗是10.9，我觉得这个油耗真是挺节省的。【舒适性】SUV车型的底盘比较高一点，坐到前排会有着非常开阔的视野，而且前排座椅还有加热以及通风功能，坐上去感觉特别享受。【外观】大面积的梯形中网和横幅式的格栅造型看着都是比较简约的，这样的外观设计才更加符合整台车的风格，整体看上去真的特别霸气的。【内饰】丰田汉兰达的内饰设计看起来真的是有点太油腻了，完全没有比较年轻时尚的感觉。【性价比】价格太硬了，车子确实是好车，要知道下一代汉兰达都已经快要上市了（国外也已经上市），2020款百万纪念版的价格依旧非常坚挺。【为什么选择这款车】对于我的预算来讲，基本上没有比这台丰田汉兰达更能顾全大局的一台车子了，虽然说实在没有豪华的品牌作为支撑，但整个的车厢认可度是非常高的，保值率极高，空间大，舒适性强，可以说是面子和里子全部都有了。,,
86236,6236,汉兰达                        2020款 2.0T 四驱百万纪念版 7座,"[{""Year"":""全部在售"",""Value"":""汉兰达用户评分4.51分（769人参与）2.0T2.5L自动平均油耗11.3L/100km（18人平均值）自动平均油耗7.3L/100km（36人平均值）""},{""Year"":""2022款"",""Value"":""汉兰达2022款用户评分4.53分（622人参与）2.5L自动平均油耗7.3L/100km（36人平均值）""},{""Year"":""2021款"",""Value"":""汉兰达2021款用户评分4.45分（147人参与）2.0T自动平均油耗11.3L/100km（18人平均值）""}]",北京,2020/10/1,32.28万元,12.5升/百公里2546公里,4.875,5,5,5,5,5,5,5,5,4,上下班接送小孩跑长途商务差旅,口碑                &nbsp;2021年01月07日 发表了口碑                                来自：汽车之家Android版                                                    《我的坐骑2020款汉兰达》                        【最满意】最喜欢的还是这款车的空间，空间是真的大，无论是前排驾驶空间还是第二排都是非常的宽敞，还有就是它的第三排座位可以放倒，太棒了。汉兰达的外观也是特别帅气，很有一种成功男人的感觉，高端大气上档次这句话形容开这款车的男人再好不过了。【最不满意】这款车从性能方面来说没有什么不满意的，主要还是价格稍微高了，优惠力度不大，九月份预约的，十月份才提的车。【空间】真的特别喜欢汉兰达这款车的空间，真的是特别大，坐进去开车太宽敞了，对这款车的空间爱不释手。第三排还可以放倒，以后一家人出门旅行也是一款很不错的选择，可以放不是东西。                                                                                                【动力】动力很强，这款车2.0T的动力，跑高速马力还是十足的，非常强劲，没有一点虚位。【操控】汉兰达这款车虽说尺寸大，看起来不好操控，其实你开久了还是对这车有感觉的，方向盘转向很精准，操控相对来说还是很好上手的。【油耗】这么大的一款车油耗就是维持在12点五的样子，我觉得还是比较省油的。【舒适性】它的舒适度没得说，坐进去空间上就舒服，车子的座椅包裹性很强，座椅皮质很不错。☆ 第三排舒适性：第三排不仅仅坐起来舒服，还可以放倒，会显得空间更加的大。【外观】外观绝对的大气，简直不要太棒，跟客户谈生意都觉得特别有底气。【内饰】汉兰达车内的设计非常的高端，用料方面扎实，还是带有高端人士的气息在里边。【性价比】车子性能不错，但是优惠力度不大，总体来说还是很棒的。【为什么选择这款车】这款车主要就是上下班，毕竟每天见客户比较多，恰好这一款汉兰达去见客户还是有排面的。,,
86237,6237,汉兰达                        2021款 2.0T 两驱豪华版 7座,"[{""Year"":""全部在售"",""Value"":""汉兰达用户评分4.51分（769人参与）2.0T2.5L自动平均油耗11.3L/100km（18人平均值）自动平均油耗7.3L/100km（36人平均值）""},{""Year"":""2022款"",""Value"":""汉兰达2022款用户评分4.53分（622人参与）2.5L自动平均油耗7.3L/100km（36人平均值）""},{""Year"":""2021款"",""Value"":""汉兰达2021款用户评分4.45分（147人参与）2.0T自动平均油耗11.3L/100km（18人平均值）""}]",延边,2021/2/1,28.98万元,10.2升/百公里823公里,5,5,5,5,5,5,5,5,5,5,上下班购物接送小孩,                                        口碑                &nbsp;2021年04月13日 发表了口碑                                                                                    《难得的好口碑，汉兰达是我的居家旅行必备》                        【最满意】最满意车的空间，汉兰达的空间是SUV中比较大的，毕竟是中型嘛！汉兰达的空间完全可以容纳全家人，车内所有座空间都是挺大的，尤其是后面的，葛优躺都不成问题，偶尔出去自驾游超方便。【最不满意】最不满意的是车子的动力方面，这可能和它的大体格有关，起步的时候总感觉不是那么有劲儿，但开起来之后正常行驶又没什么问题，只能说算是个不大的缺陷。还有就是汉兰达的油耗，比普通SUV要高一些。【空间】空间很大，挺适合居家使用的。车内空间挺充足的，坐在车里腿部有很大的运动空间，一般不会碰到前面。而且车子高度也挺不错的，伸个懒腰都没问题，后备箱更是没的说，可以装下好几个箱子。【动力】动力稍微有些不太行，汉兰达在起步的时候有些肉，虽然跑起来没什么大问题吧，但总感觉动力方面有些不足，正常使用是没问题的，但要开太快、飙车似乎是不太行。【操控】车子挺好操控的，方向盘在我看来有些偏重，但不可否认它是握感舒适的，而且转向挺精准，别看汉兰达体格大，刹车还是比较灵敏的，正常情况下操控是没问题的。【油耗】油耗偏高一些，百公里10.2个油要比普通的SUV高，但考虑到大体型也不是不能理解。【舒适性】舒适性挺好的，毕竟是大空间嘛，而且车座椅也是比较软的那种，坐的时间长了也不会累，车子比较平稳，让人有安全感。【外观】外观还可以，算是普通颜值吧，看起来挺威风的，车身流畅度也不错，很有丰田的特点。【内饰】内饰挺好的，属于比较简约的设计，和车子外观、空间配合的不错，色调搭配比较用心而且异味不太严重。【性价比】性价比挺高的，毕竟这辆车几乎满足我所有的行车要求，而且还有一定保值率，对我来说就够了。【为什么选择这款车】因为它的空间才选择的。首先我家人口比较多，而且都是偏胖的体型，普通的车子坐着会感到拥挤，而汉兰达的空间比普通车子大很多，当时试驾的时候特地前后都比划了一下，绝对的大空间，这就是买它的主要原因。            ,,
86238,6238,汉兰达                        2021款 2.0T 两驱豪华版 7座,"[{""Year"":""全部在售"",""Value"":""汉兰达用户评分4.51分（769人参与）2.0T2.5L自动平均油耗11.3L/100km（18人平均值）自动平均油耗7.3L/100km（36人平均值）""},{""Year"":""2022款"",""Value"":""汉兰达2022款用户评分4.53分（622人参与）2.5L自动平均油耗7.3L/100km（36人平均值）""},{""Year"":""2021款"",""Value"":""汉兰达2021款用户评分4.45分（147人参与）2.0T自动平均油耗11.3L/100km（18人平均值）""}]",海口,2021/1/1,28.98万元,8.6升/百公里1120公里,4.75,4.5,5,5,5,4,4,5,5,5,上下班接送小孩自驾游,"                                        口碑                &nbsp;2021年02月26日 发表了口碑                                来自：汽车之家Android版                                                    《低调奢华的汉兰达》                        【最满意】动力强劲，外观优美，整车质感很棒。底盘变速箱调教好，操控很棒，适合多种人群。【最不满意】没有什么不满意的地方。这款车还是特别贴心的，很多设计都很亲民。【空间】空间很大，后排空间也很舒适。储物空间足够。后备箱空间也托大。哈哈。【动力】推背感十足。平常飙车超车都稳稳的。动力方面还是一点问题都没有的，大爱汉兰达。【操控】转向灵敏，动力强劲，整车开起来很轻巧，信心十足。【油耗】油耗并不高，高速仅仅需要6到7个油，市区上下班堵车的情况下也仅仅跑到8个左右。【舒适性】座椅很舒服，很软长时间驾车坐车，都不会觉得累。隔音效果堪称完美。这车舒适度方面再同级别还是比较靠前的。毋庸置疑。【外观】外观设计很奈斯，这车外观还是特别喜欢的。【内饰】内饰的话，很棒。做工都很扎实，高级感十足。【性价比】性价比高，不管是动力还是舒适度，汉兰达是这个价位的不二选择。【为什么选择这款车】车身大，动力好。外观设计靠前,乘坐空间舒适而且很大。            ",,
86239,6239,汉兰达                        2021款 2.0T 两驱豪华版 7座,"[{""Year"":""全部在售"",""Value"":""汉兰达用户评分4.51分（769人参与）2.0T2.5L自动平均油耗11.3L/100km（18人平均值）自动平均油耗7.3L/100km（36人平均值）""},{""Year"":""2022款"",""Value"":""汉兰达2022款用户评分4.53分（622人参与）2.5L自动平均油耗7.3L/100km（36人平均值）""},{""Year"":""2021款"",""Value"":""汉兰达2021款用户评分4.45分（147人参与）2.0T自动平均油耗11.3L/100km（18人平均值）""}]",九江,2021/2/1,28.98万元,11.6升/百公里510公里,4.625,4.75,5,5,5,4,5,5,3,5,上下班接送小孩自驾游越野组车队,                                        口碑                &nbsp;2021年02月26日 发表了口碑                                来自：汽车之家iPhone版                                                    《提车半个月的用车体验，》                                                                                                                                                                                                                        【最满意】空间大，视野开阔，第三排的座椅空间也不拥挤，座椅还挺舒服的【最不满意】内饰老气，毕竟30多万的车，还没国产的10多万的内饰做的好看【空间】坐满7个人，不会觉得拥挤，后排如果一个人的话，还可以直接躺着【动力】2.0T的涡轮增压发动机，虽然汉兰达又大又重，但是提速也是很快捷，动力十足【操控】方向盘轻，比我之前帕萨特都要好开，转弯也很稳【油耗】平均油耗11.6，能接受，毕竟这么大的车，也有这么重【舒适性】整体还说还是很舒服的，过减速带也没那么硬，空间这么大也让我觉得没有拥挤的那种不舒服【外观】外观看起来还是很霸气的，在路上回头率也很高【内饰】在这个级别应该算是比较差的，希望能有所改进点吧【性价比】保值率听说很高，我买车的时候都没有优惠。那些号称要秒掉汉兰达的，要么空间不如它，要么动力不如它                                                                                                【为什么选择这款车】我家俩小孩，加上父母一起出行再也不用担心拥挤不舒服或者需要开两台车了            ,,
86240,6240,汉兰达                        2021款 2.0T 两驱豪华版 7座,"[{""Year"":""全部在售"",""Value"":""汉兰达用户评分4.51分（769人参与）2.0T2.5L自动平均油耗11.3L/100km（18人平均值）自动平均油耗7.3L/100km（36人平均值）""},{""Year"":""2022款"",""Value"":""汉兰达2022款用户评分4.53分（622人参与）2.5L自动平均油耗7.3L/100km（36人平均值）""},{""Year"":""2021款"",""Value"":""汉兰达2021款用户评分4.45分（147人参与）2.0T自动平均油耗11.3L/100km（18人平均值）""}]",海口,2021/1/1,28.98万元,9.0升/百公里1372公里,4.75,4.5,5,5,5,4,4,5,5,5,上下班购物,                                        口碑                &nbsp;2021年02月23日 发表了口碑                                                                                    《新车汉兰达》                        【最满意】最满意的就是动力，动力强劲，在路上开车不想要太快，只要轻轻点下油门就可以达到想要的效果了【最不满意】其实我个人感觉还好，没有什么最不满意的，就是在跑高速的时候吧，速度100以上的时候，感觉车子的发动机声音比较大，这点不是很满意，其他的都还不错。【空间】空间在这个价位的基础上确实让我非常的满意，我的身高差不多178，但是我坐在主驾驶位置离车顶都还有一拳半的距离，坐进去不会感觉压抑感【动力】动力不会很强，但是爆发了非常的强，非常的有劲道【操控】这款车方向盘我个人感觉刚刚好，不会很轻，但是也不是很重【油耗】我跑到9也是非常不错的啦，比上不足，比下有余的。【舒适性】座椅坐起来非常的舒适，座椅的填充物非常安逸，做起来就像坐家里面的沙发一样，靠背的支持感也非常的好，在这开车的一个多月时间里面，路上开着都很平稳。【外观】外观非常的大气，看起来就感觉非常的高大上【内饰】内饰还可以，中控屏幕确实还不错，操作起来也方便【性价比】说实话，在这个价位上面的这款车，不管是从外观，内饰，安全性能，还是说操作各个方面对不起来已经非常的好了【为什么选择这款车】我朋友推荐丰田，老爷子一来就看起他，所以就买了。            ,,
86241,6241,汉兰达                        2021款 2.0T 两驱豪华版 7座,"[{""Year"":""全部在售"",""Value"":""汉兰达用户评分4.51分（769人参与）2.0T2.5L自动平均油耗11.3L/100km（18人平均值）自动平均油耗7.3L/100km（36人平均值）""},{""Year"":""2022款"",""Value"":""汉兰达2022款用户评分4.53分（622人参与）2.5L自动平均油耗7.3L/100km（36人平均值）""},{""Year"":""2021款"",""Value"":""汉兰达2021款用户评分4.45分（147人参与）2.0T自动平均油耗11.3L/100km（18人平均值）""}]",广州,2021/1/1,28.98万元,9.7升/百公里1200公里,4.875,4.75,5,5,4,5,5,5,5,5,上下班购物接送小孩,                                        口碑                &nbsp;2021年02月20日 发表了口碑                                                                                    《汉兰达就是一台可油可甜的家庭代步车》                                                                                                                                                                                                                        【最满意】这个车的动力还是很不错的，包括从舒适性来讲，整体的底盘包括隔音效果的感受，我觉得是偏向于舒适的，我还是挺喜欢这种感觉的【最不满意】这台车的操控一般般，最不喜欢的就是这台车的刹车，因为汉兰达的刹车还是比较软的，再加上这台车的车身尺寸本来就比较大，而且重量也是很重的，所以说整个的刹车表现真的是很不好【空间】这台车来说作为一台7座SUV这台车，不管是后备箱空间还是第三方空间，我觉得都是很不错的【动力】加速表现我觉得还可以吧，2.0T的动力也不错【操控】操控没什么说的，基本上就是没操控。2吨的车 谈什么操控呢【油耗】油耗表现中规中矩吧，9.7l 纯市区的话突破10L了【舒适性】舒适度不错，乘东起来非常安静，悬挂也够软【外观】纯霸气的居家好男人的外观，憨憨厚厚的，耐看【内饰】内饰方面一如既往的简约风，没有科技感可言的。【性价比】整体性价比还可以，保值率的王者啊，后期换车也不担心贬值太快【为什么选择这款车】看长远点，还是从整个的经济性和耐用度上，汉兰达还是非常值得的，而且这台车还非常的保值            ,,
86242,6242,汉兰达                        2021款 2.0T 两驱豪华版 7座,"[{""Year"":""全部在售"",""Value"":""汉兰达用户评分4.51分（769人参与）2.0T2.5L自动平均油耗11.3L/100km（18人平均值）自动平均油耗7.3L/100km（36人平均值）""},{""Year"":""2022款"",""Value"":""汉兰达2022款用户评分4.53分（622人参与）2.5L自动平均油耗7.3L/100km（36人平均值）""},{""Year"":""2021款"",""Value"":""汉兰达2021款用户评分4.45分（147人参与）2.0T自动平均油耗11.3L/100km（18人平均值）""}]",成都,2021/1/1,28.98万元,8.5升/百公里1277公里,4.75,4.75,5,5,5,5,4,5,4,5,上下班购物,                                        口碑                &nbsp;2021年02月19日 发表了口碑                                                                                    《整体很好的汉兰达》                        【最满意】整体外形轮廓显得十分硬朗，给人硬汉型男的感觉。【最不满意】最大的槽点就是中间那块厚厚的大屏啦，蠢萌蠢萌的【空间】前后排空间家用非常不错，一家五口也不会拥挤，储物格设计也比较多，后备厢空间挺给力【动力】这辆车子的动力很足，启动的时候不含糊，不会给别的车子机会，这让我感觉还是不错的。【操控】操控性真的很好，和开轿车的驾驶感受差不多，转向、倒车灵便自如。【油耗】油耗表现很完美，新车目前给它加的95号油，多行驶在市区&amp;郊区路况，平均百公里油耗8.5升左右。【舒适性】静谧性还需要改进，速度上来之后胎噪挺大的，隔音水平一般需提升。【外观】外观设计我很喜欢，车子的外观设计的非常具有时尚感【内饰】内饰方面装潢和设计没有豪华感，中控台造型平整大方，符合丰田一贯风格【性价比】论实用性和安全属性，目前还是丰田汉兰达更有优势【为什么选择这款车】选择这车主要是喜欢它的外观了吧，我认为有个好看的外观比起其他方面，要更有说服力。            ,,
86243,6243,汉兰达                        2021款 2.0T 两驱豪华版 7座,"[{""Year"":""全部在售"",""Value"":""汉兰达用户评分4.51分（769人参与）2.0T2.5L自动平均油耗11.3L/100km（18人平均值）自动平均油耗7.3L/100km（36人平均值）""},{""Year"":""2022款"",""Value"":""汉兰达2022款用户评分4.53分（622人参与）2.5L自动平均油耗7.3L/100km（36人平均值）""},{""Year"":""2021款"",""Value"":""汉兰达2021款用户评分4.45分（147人参与）2.0T自动平均油耗11.3L/100km（18人平均值）""}]",丽水,2021/1/1,28.98万元,1200公里,4.75,4.75,5,4,5,5,5,5,4,5,上下班接送小孩商务差旅,"口碑                &nbsp;2021年02月24日 发表了口碑                                来自：汽车之家Android版                                                    《唯有大汉，能囊括我所有》                                                                                                                                                                                                                        【最满意】空间吧这个不用说吧我想，二郎腿随便翘翘，葛优躺随便瘫，再也不用担心7，8个人出行要开两个车了，也不用担心东西太多后备箱难塞的情况了，再一个满意的点就是外观了，很稳重大气，除了大部分家用的场景，同时作为商用也是可以的，满足我家家庭用车和商务用车，可能他不是这个价位上最好的车，确实是最适合我的车子了。【最不满意】最不满意的点没有想到，那就说下我看到实车第一眼提出的疑问吧，后面第三第二排之间的距离差其实可以调整下，第三排的乘坐感受不是很好，既然大家选择买这个车子了，肯定对第三排是有需求的，我反而觉得它的设计过于注重前排了。【空间】空间可以用深不见底来形容一下，长度4890，宽度1925，前中排的位置都大的伸展自如，最后一排坐个大男人的话稍显拘束，后备箱的话平时5座那是东西随便放，坐满的话后备箱空间看你放什么了，一般情况下都是没问题的，坐满出门短期旅游都是ok的，行李放的下，出去钓个鱼，和小朋友出去野营，帐篷也放的下，内部的储存空间也不用说，很多也很大，杂七杂八的随便放也不会乱，扶手箱放女士手提包都没问题，总之空间部分就是很满意了。【动力】买的是2.0两驱豪华，动力很好啊，爬坡超速都可以，本以为这么重的车子带不动，除了起步会稍微慢一点，上了40迈以后就稳稳的了，强劲给力，急转弯车子也很稳，一点也不飘，我家里人坐车上说也不会有被甩的感觉，家用可以了，又不飙车。【操控】由于家里人员的增加，要买SUV的时候老婆在担心操控方面，看到实车就说太大了太长了不敢开，现在看她都开的可溜溜的，方向盘轻重适中，太轻了总会感觉不踏实，这样反倒是刚刚好，指向精准，底盘扎实，轻松应付所有的烂路。【油耗】看了下之家上别人的作业，对比了下我的油耗还算可以的了，我的驾驶习惯还是可以的，注重安全性，都是在市区上下班开开，车子里不是一家老小就是商务合作对象，安全第一，一般很少飙车，做急加速或者是激烈驾驶，所以油耗我开出来还是挺合理的吧。【舒适性】给五星好评，因为过年回家，走亲戚呀各种，走的乡下还是挺多的，农村的路免不了坑坑洼洼，虽然现在很多地方都是水泥路了给大车开过还是不是很平整的，减震和降噪方面还是不错的，难怪是这么多人家用商务的选择啊！除了这两方面，细节也做的很好空调啊，后排地板呀，都考虑到了后面的乘坐人员的舒适性，还是人性化的。【外观】外观大气，霸气，稳重，可家用可商用，真的很符合我们这种有家庭的三十几岁的男人，有其所有的体特质，整体的外观设计没有很夸张，还是挺简约的，别人一眼看到能够接受的程度，前脸的设计梯形的进气格栅和大灯的组合就是霸气，侧面线条流畅硬朗，敦实肉肉的屁股，很稳重，选车大概也看个性吧哈哈。【内饰】内饰就是丰田一惯的风格，中庸实用，不是那种潮流新锐的风格，还好我这个年纪了不讲究那些花里胡哨的东西，更注重实用性，看着清爽干净就挺好的，他的整体设计合理，储存空间丰富，调节功能丰富，空间可以变换，整体还算可以，低调有内涵。【性价比】性价比方面还是可以的，入手的是两驱豪华，我所需要的配置基本都有了，空间，外观，舒适性，各个方面满足了我的购车需求，在保值率方面也可以说很划算了，因为朋友买过吉普，他换车的时候掉价掉的很凶，所以曾经在二手市场上了解过汉兰达，几年不掉价的，保值率上是非常可以的了，再加上丰田的品质我还是很放心的，买的放心用些舒心，这样就可以了！我说值得就值得！【为什么选择这款车】为什么选择这个车子:由于家庭成员的增加问题上，家里生了二胎，不是广告词都这么说么，二胎首选么，那肯定是7座了，又因为工作方面的原因想要说偏商务一些，那么就商量着肯定SUV了，之前是轿车,SUV男孩子都想要一台吧，较之外观，空间，价格，口碑各个方面，几款选下来汉兰达符合我们的价位，也符合我的个性，这个重点，比较低调的，过程都是挺顺利的",,
86244,6244,汉兰达                        2021款 2.0T 两驱豪华版 7座,"[{""Year"":""全部在售"",""Value"":""汉兰达用户评分4.51分（769人参与）2.0T2.5L自动平均油耗11.3L/100km（18人平均值）自动平均油耗7.3L/100km（36人平均值）""},{""Year"":""2022款"",""Value"":""汉兰达2022款用户评分4.53分（622人参与）2.5L自动平均油耗7.3L/100km（36人平均值）""},{""Year"":""2021款"",""Value"":""汉兰达2021款用户评分4.45分（147人参与）2.0T自动平均油耗11.3L/100km（18人平均值）""}]",深圳,2021/2/1,28.98万元,10.0升/百公里990公里,4.875,4.75,5,5,5,4,5,5,5,5,上下班接送小孩自驾游,口碑                &nbsp;2021年02月21日 发表了口碑                                来自：汽车之家Android版                                                    《在30岁喜提霸气的老汉！》                                                                                                                                                                                                                        【最满意】在去年年中就在等老汉改款，一直等到现在，总算等到小改款，空间特别大，对于我家有三个小孩的家庭，真的需要7座的车，出去玩，带上父母一家人就可以一车出发。选择他的原因也是因为它的配置高，该有的配置都有，外观也很霸气，跟它的名字一样霸气，当时在选车的时候，考虑过几款，但在通过试驾，对比，最后还是选择7座的汉兰达，一方面大家庭，另外一方面品牌吧，丰田口碑各方面还是比较好的，省油省心。在春节开的这段时间，亲戚朋友给汉兰达都很高！选它，是个不错的选择。【最不满意】买它当然就没有啥不满意的，就等它改款等了太久了。因为之前觉得他的中控器太小的，虽然店里说可以改装，但我看到别人改装屏幕清晰度没有那么好，还是想等汉兰达出新款的好。反正也不着急，但总算在春节前出小改款了，算是没白等！【空间】前排第二排空间还是挺大的，第二排的话，坐大男人会偏挤一些，一般父亲就坐二排，母亲坐第三排，刚刚好，但如果坐上7个人的话，后备箱就会小一些，放的东西比较少，如果是出去玩几天的话，后备箱就不够放东西了。前面的座位有空间的，就需要放一些小东西了。                                                                                                                                                                                                【动力】选择2.0两驱的，购买的时候是有些担心动力会不够的，但在春节假期，开回家跟出去玩，让我消除了这个担心，动力很足够，一脚油门，爬坡拐弯轻轻松松。【操控】当时选择7座的时候，会有些担心7座太大太重，操控会不会很难，但超乎了想象，比预期好，操控很轻松，不会因为大而难超控，连老婆都说她开着也轻松操控。                                                                                                                                                                                                【油耗】提车到现在，油耗比较偏高，就春节开出去玩比较多，到哪里都堵车，估计就导致油耗比较高吧，还需要后期磨合看看。【舒适性】座椅软软的，很舒服，春节带家里出去玩，堵车，父母小孩都没有抱怨坐太久不舒服，但就是在高速上，噪音会大一点，放点音乐，就会感觉好一点。其他方便，还是比较满意的。                                                                                                【外观】汉兰达看起来很霸气稳重，轮毂大，车子不挑人，只要喜欢就开，哈哈哈                                                                                                车灯设计：很喜欢车灯的设计，很漂亮，亮度也够！                                                                                                                                                                                                【内饰】汉兰达的内饰就比较传统，没有比较特别的，但它也是很人性化的，在第三排也是有杯架跟出风口的，所以坐第三排，也是不用担心说一些小东西没地方放，或是坐后面会感觉到闷。这个倒是很人性化。前排也有很多储物空间，扶手箱也超级大，放老婆的小背包，都没有问题。                                                                                                                                                                                                                                                                                                【性价比】对于30多万的车，汉兰达跟同级别车性比价算比较高，安全性，还有配置方面，关键汉兰达一直很保值，驾驭感也很强。选择它还是很值得的。【为什么选择这款车】在开始准备要买车的时候，跟家里人商量选择买7座的，在多款车型的选择，一直听说汉兰达是神车，通过试驾，对比，最后，在家里的人支持下选择汉兰达，空间大，口碑好，就是等它改款等太久了，虽然只是改了LED灯跟中控，但是还是很满意它的小改款的。,,
86245,6245,汉兰达                        2021款 2.0T 两驱豪华版 7座,"[{""Year"":""全部在售"",""Value"":""汉兰达用户评分4.51分（769人参与）2.0T2.5L自动平均油耗11.3L/100km（18人平均值）自动平均油耗7.3L/100km（36人平均值）""},{""Year"":""2022款"",""Value"":""汉兰达2022款用户评分4.53分（622人参与）2.5L自动平均油耗7.3L/100km（36人平均值）""},{""Year"":""2021款"",""Value"":""汉兰达2021款用户评分4.45分（147人参与）2.0T自动平均油耗11.3L/100km（18人平均值）""}]",深圳,2021/1/1,28.98万元,10.9升/百公里156公里,5,5,5,5,5,5,5,5,5,5,上下班接送小孩,口碑                &nbsp;2021年02月07日 发表了口碑                                来自：汽车之家iPhone版                                                    《等来的21款汉兰达》                                                                                                                                                                                                                        【最满意】最满意的地方肯定是空间和品牌了，空间来说的话，七个座位，刚好我一家7口的使用空间，买这车其实也就是为了能带一家人的，我这些天带着他们出去玩，我的孩子都说空间好大啊，可以随便玩耍，这就是我需要的空间了；第二个就是品牌了，对我来说丰田给到我的是实用、耐用的感受，我周围的朋友对丰田也是只有赞美，所以这个品牌的车我也用的比较踏实，年纪大了不喜欢有小毛病的车了，少点操心事，这就是我买这车原因。【最不满意】最不满意的部分应该就是这车太大只了，大车其实有点难操控（可能是我的车技不过人的原因吧），以前开的都是小轿车一下子换成7座的大车一下子还是有点不习惯，现在这车还没上牌，每次过小区道闸扫不到，总要麻烦保安开门，这也是令我头疼的地方；【空间】选择这款车的估计都是为了空间吧，7座是我一家人需要的空间，因为我们一家7口人，出去玩刚刚好，坐的也很舒服，比我想象的空间还要大一点，我一家人身材都是中等的吧，所以坐起来没有拥挤感，我小孩都说可以在车上随便睡觉，整车的长度4890mm，可以说整体都达到自己预期。                                                                                                                                                                                                                                                                                                【动力】很多人都在问我这车动力怎么样，我老实说还是比较有劲的，虽然我不是开这车去飙车的，但是有的时候爬坡和超车还是需要一些动力才行的，这车是我特别选的，一看配置也就知道了，这是2.0T两驱版的，动力一点都不虚，反而开车的时候感觉很顺，一脚油门下去马上就能给到反应，跟平时开朋友的5座suv差不多，个人觉得这个动力飚起来还是比较有力的。【操控】操控来说的话，这车采用的是2.0t涡轮增加发动机，还是一个前置两驱版本，加上一个手自一体的变速箱，整体操作起来真的很舒服，起步阶段2.0t的感受就是一踩油门就会给你一下反馈的动力，完全感觉不到这车的重量，220匹的马力搭配L4发动机完全承载的起这笨重的suv。【油耗】目前行驶了156公里了，百公里油耗在10.9个左右，整体来说很不错了，毕竟这车那么大只，我之前的小轿车也就8个左右，这车而且那么笨重，动力方面和油耗方便肯定是比小车要大才能行的，个人而言这油耗是比较低的了。【舒适性】这舒适性感觉还是很不错的，过减速带都是比较柔和的没那么硬，毕竟这车还是个两驱版本的，这车配备的是麦佛逊式独立悬架、E型多连杆式独立悬架对于减震效果还是很不错的，我们这边到处修路，路面洼洼坑坑的，真的是很考验减震效果的，我的驾驶感受就是不颠簸，坐在车上都能感觉到悬架把抖动吃进去的感觉。                                                                                                                                                                                                【外观】这车外观给我的感受就是稳重、扎实，对于我来说，已经是几个孩子的爹了，肯定是比较喜欢成熟稳重点的车了，这车就刚好复合我的想法；全车采用皮座椅，4个超大19寸轮毂特别显眼，21款还是配置LED大灯的，还有就是他的全景天窗特别大，晚上打开来给孩子看风景还是不错的。                                                                                                                                                                                                                                                                                                【内饰】内饰这次21款的增加了10英寸的全面屏，版本不一样，我的这款车就是10英寸的，而且还有后排多功能的空调调节，两个充电的地方，内饰整体来说还算是中规中矩的，还是比较适合我这种喜欢保守类型的。                                                                                                                                                                                                【性价比】这车最香的地方还是价格、配置和品牌；价格前面我就已经说了，我买这车之前就是对比了福特锐界和途昂这两款车，途昂在价格上面就已经被淘汰了，还有驾驶感受没有汉兰达好，途昂采用的自吸，锐界的驾驶感和汉兰达差不多，但是他的整体配置和品牌不是我想要的，这也是个人爱好吧，汉兰达毕竟有十几年的历史了，口碑也一直也不错，所以综合考虑和试驾后的感受以后才选择了汉兰达。                                                                                                                                                                                                                                                                                                【为什么选择这款车】说选择这款车的车友应该都会去比对福特锐界和大众的途昂吧，我就是之前对比了这两款车，锐界个人觉得外观不是我喜欢的类型，不够扎实，锐界的两驱版本和汉兰达的这个版本其实价格其实都差不多；途昂来说的话，同等级别的两驱豪华版，它的价格比汉兰达贵了好几万，然后动力方面途昂又是2.0自吸的，试驾过感觉还是有点疲惫，内饰和减震效果也不是很好；汉兰达来说，第一个给到我的就是丰田车基本不会随便出小毛病啥的，少操心；二就是价格同等级别价格中虽然价格优势不是很明显，但是也是我比较能接受的价位了，外观也是我比较喜欢的扎实稳住的感觉，内饰21款新增的LED大灯和大中控屏都是这车新的亮点，其次就是这中控屏还可以放视频，让我很意外，当时买的时候只是知道屏幕升级了，所以给我的惊喜也是有的，所以买这车我觉得是最好的选择了。,,
86246,6246,汉兰达                        2021款 2.0T 两驱豪华版 7座,"[{""Year"":""全部在售"",""Value"":""汉兰达用户评分4.51分（769人参与）2.0T2.5L自动平均油耗11.3L/100km（18人平均值）自动平均油耗7.3L/100km（36人平均值）""},{""Year"":""2022款"",""Value"":""汉兰达2022款用户评分4.53分（622人参与）2.5L自动平均油耗7.3L/100km（36人平均值）""},{""Year"":""2021款"",""Value"":""汉兰达2021款用户评分4.45分（147人参与）2.0T自动平均油耗11.3L/100km（18人平均值）""}]",泉州,2021/1/1,28.98万元,11.5升/百公里517公里,5,5,5,5,5,5,5,5,5,5,上下班自驾游跑长途,口碑                &nbsp;2021年02月06日 发表了口碑                                                                                    《舒适度极高的家用车，超大空间适合全家人用》                        【最满意】最满意的是汉兰达的舒适度，我买这辆车完全是为全家一起旅行准备的，家里有老人，因此我对于舒适性的要求特别高。汉兰达本身就是那种座椅支撑力度很大的车子，尤其驾驶座和副驾驶座，坐在上面对于身体有很大的支撑力度，一般情况下不会感到疲劳，而且对于腰部的支撑力度比较大，像我这种经常腰不舒服的人都觉得可以长时间乘坐。汉兰达座椅是可以自行调整的，超大空间不会使得调整之后空间局促，车里的人都可以得到一个相对比较舒适的空间环境。这辆车的空间我最满意的还不仅仅是乘坐空间大，它的车内空间设计的是比较合理的，一些自己准备的装饰物可以非常轻松的找到自己的位置，而且还留有一些收纳空间，这样的话日用品就不用往后备箱放了，随用随取特别方便。还有就是这辆车的动力也是非常不错的，虽然它的体型很大，但动力似乎一点都没有受影响，平时跑高速的时候感觉还挺有劲儿的，并且跑起来的时候也不会显得太笨重，个人感觉还是蛮灵活好开的。【最不满意】对于汉兰达最不满意的就是这辆车的外观以及油耗了，汉兰达的外观虽然是比较有辨识度的，但是整体气场在我看来还是稍微差了些，平时停在停车场那里也不是特别显眼的车型，看起来有些太一般了。而且汉兰达的车漆有些薄，平时我出远门的时候很容易划伤，这样就极大的影响颜值了。还有就是这辆车的油耗在我看来也是偏高的，百公里油耗能够达到11.5左右，这点我还是有些接受不了的，毕竟我之前买的家用车油耗都很少有超过百公里十个油的，相比之下汉兰达还真的不怎么省油。【空间】汉兰达是有名的大空间车子，它的空间自然是比较大的，我个人感觉比较满意。这辆车空间设计的非常巧妙，虽然空间很大，但看起来却一点都不显得空旷，车内的一些小空间设计的比较合理，平时放个小东西什么的可方便了。这辆车车内几个座椅的乘坐空间都挺大，腿脚都有一定的活动空间，且车子的高度也是比较不错的，一米八多的身高很难碰到头。车子的后备箱空间也挺大的，不过由于车内的空间已经足够了，所以我基本上用不到它。【动力】汉兰达动力挺充足的，别看它体型大，动起来我个人感觉还是蛮灵活的，平时起步的时候就非常顺畅，而且跑起来之后也是动力超强的那种，在高速上表现力非常强，我个人对这样的动力还是感觉挺满意的。【操控】汉兰达还是蛮好操控的，这辆车主要是方向盘操控起来特别顺手，也不知是不是它体型较大的原因，这辆车方向盘操控起来是有一定重量的，我挺喜欢这种方向盘。它自身反应比较快，对于使用者的各种命令执行的也是比较迅速，且刹车、油门都挺有劲儿，我觉得开的时候挺好的。【油耗】油耗在我看来是真的蛮高的，汉兰达的油耗现在是百公里11.5左右，这么高的油耗在家用车里其实是不怎么常见的，我个人认为如果油耗能够低一些就好了。【舒适性】汉兰达舒适性自然没的说，空间大，座椅还有支撑力度，这样的车子怎么会不舒适呢？而且这辆车座椅是比较软的那种，家里的老人对座椅要求高，都觉得它舒适性可以，我自然也是没什么意见的。【外观】外观比较普通。汉兰达外观是比较经典的车型，但可能是上市时间长了，我个人感觉它已经不怎么赶潮流了，而且它的外型看起来稍微有些笨笨的感觉，虽不至于影响整体造型，但给我的外型感觉确实不太好。                                                                                                                                                                                                                                                                                                【内饰】内饰还不错，挺符合车子的价位。车内材料是比较厚实的那种，摸起来比较有质感，而且内饰整体设计的非常不错的，空间分布比较合理，我觉得挺满意的。【性价比】汉兰达性价比自然是高的。作为一款老车型，汉兰达的保值率一直居高不下，这已经是非常厉害的了，更何况这辆车自身还有很多优势，各方面配置做的也都挺不错的，个人认为性价比非常高。【为什么选择这款车】选择汉兰达主要是因为想要一辆空间比较大的车，网上一搜好多人都在说汉兰达，而且大家的评价也都是非常不错的那种，所以我自己就对这辆车留心了一下。它本身也是一款比较经典的车型，恰好我有一个朋友家里也有一辆汉兰达，我就去看了一下，觉得操控起来挺顺手的，而且价格相对来说也比较合理，综合对比了这辆车的各方面表现能力，我觉得还蛮适合我的，所以就去店里看了看，正好有现车，就直接定下了它。,,
86247,6247,汉兰达                        2021款 2.0T 两驱豪华版 7座,"[{""Year"":""全部在售"",""Value"":""汉兰达用户评分4.51分（769人参与）2.0T2.5L自动平均油耗11.3L/100km（18人平均值）自动平均油耗7.3L/100km（36人平均值）""},{""Year"":""2022款"",""Value"":""汉兰达2022款用户评分4.53分（622人参与）2.5L自动平均油耗7.3L/100km（36人平均值）""},{""Year"":""2021款"",""Value"":""汉兰达2021款用户评分4.45分（147人参与）2.0T自动平均油耗11.3L/100km（18人平均值）""}]",大连,2021/1/1,28.98万元,10.9升/百公里600公里,4.75,4.75,5,5,5,5,4,5,4,5,上下班自驾游跑长途,口碑                &nbsp;2021年02月02日 发表了口碑                                                                                    《体验半个月的汉兰达》                                                                                                                                                                                                                                                                                        【最满意】汉兰达的前脸设计的很有特色，还有它的刷漆真的非常的好看，再加上它的油漆的一个研究的工艺，让汉兰达的这款车外表很有流动性和顺畅，像湖水一样的柔美，所以外表这方面是最满意的一点，除了外表的话，内饰的装修也很大方上档次，设计感强烈，很有未来的远方感。【最不满意】丰田的这款车的空间还是很大的，在同价位丨的车子里，汉兰达这款车的空间的确是相对来说大的，虽然是家用车，但是价位和其他车比起来就是有一点对比，所以还是觉得性价比有一点低了。还有一点就是它的减震不太好，开在稍微坑洼的路上你就可以感觉到路的不平，所以丰田的这款车减震我不太满意。【空间】如果只是相对于汉兰达自己家用的这款车的话，空间是完全够的，毕竟是大车，前排空间足够，不拥挤，后排的座椅也是够用，可是如果拿出去和同价位的其他车子相比的话，就会有明显的优势了。后备箱空间比较的一般般，比较的丨规丨矩的感觉。【动力】汉兰达这款车在动力上我是挑不出什么毛病的，毕竟2.0T的发动机不是说着好看的，我觉得汉兰达的这个动力是没有什么问题的，车提回家后开了一段时间没什么问题。【操控】汉兰达的操控在同等价位里的车子是很好的了，没几辆车子能比汉兰达的操控好，当初只是看上了外表所以去实体店问了，店员告诉我操控很好，我当初没有想到，以为就是一个普通偏上的车子吧，买回家自己实质性的上手操控了才发现店员告诉我的的确是真的，像是又有一个惊喜的地方了。【油耗】买之前有在网上看各种参数和以前的车子的评价，对汉兰达的整体油耗还是有了解的，车上市了去实体店问了，给出的数据是是很低的，但是怎么可能这么低，买回家开了一段时间后大概的数据是百公里10个或者11个油吧。毕竟个人情况不同，还有的人爱踩油门的，说不定一下就会飙到十几个了，个人感觉还是有点偏高的，也可能车身太重了。【舒适性】车的舒适性还是挺好的，如果是情况需要长时间坐在车上的话，汉兰达的这款车做的还是不错的，它的腰部支撑功能真的有效的减少了腰酸的情况，坐久了也只是有一点点腰酸，是正常的情况，虽然它得减震功能不是太好，但是我通常都在市区，所以我觉得只要不去太过坑洼的地方是没什么问题的。最主要的是汉兰达的隔音也是安安静静的感觉，在车内长途体验就好了很多，不会有吵人的胎噪声和风噪声。【外观】汉兰达的外观是属于丨国人都很喜欢的那种，今年前脸的设计有大改动，所以汉兰达的识别度变得更高了，还有就是它整体的设计线条真的很好看，上漆不知道用的什么工艺，反正有种哑光的感觉，开在路上一下就会变得高级，人家都会来看看你的车是什么车了，开出去是绝对不会丢脸的就对了。【内饰】这部车的内饰说实话我还是挺满意的，但是如果是更好的配置比如什么翻毛皮和实木的装饰只有更顶配的车型才会有的了，只能加油努力，争取早日换上吧，抛开其他的不说的话，这款车的内饰还是可以的，不过内饰整体的风格偏向设计稳重感，整体偏向于实用，还有就是它的大屏，对比其他同价位的车子来说，有点小了，大屏就只能将就着用吧。【性价比】汉兰达的性价比还是很可以的，毕竟日系车买的最主要的就是他们可靠的性价比，汉兰达的配置什么的都是在同价位丨比较高级的了，内饰材料用的挺不错的，外漆工艺做的也很好，所以整体来说汉兰达的这款车性价比是没得说的了，加上保值率也是很优良的。【为什么选择这款车】至于为什么选择汉兰达这款车，应该就是看丨了它的质量性能和外表吧，首先日系车的这个性能说实话是很可靠的，毕竟2.0T发动机不是摆在那里看的，说是很好的部件，提回来用了一段时间，没发现出什么问题，还是挺可靠的。其次它的外表是属于亮眼的那一款，这款车一共有几个颜色，虽然有一点少，但是它的外漆工艺做的很好，所以颜色上车就会显得很高级，车头变化和以前相比较大，所以给我一种惊艳的感觉，加上颜色是那种低调奢华的感觉的颜色，所以整个车身都会显得很漂亮。,,
86248,6248,汉兰达                        2021款 2.0T 两驱豪华版 7座,"[{""Year"":""全部在售"",""Value"":""汉兰达用户评分4.51分（769人参与）2.0T2.5L自动平均油耗11.3L/100km（18人平均值）自动平均油耗7.3L/100km（36人平均值）""},{""Year"":""2022款"",""Value"":""汉兰达2022款用户评分4.53分（622人参与）2.5L自动平均油耗7.3L/100km（36人平均值）""},{""Year"":""2021款"",""Value"":""汉兰达2021款用户评分4.45分（147人参与）2.0T自动平均油耗11.3L/100km（18人平均值）""}]",珠海,2021/1/1,28.98万元,10.4升/百公里436公里,4.875,5,5,5,5,5,5,5,4,5,上下班接送小孩,口碑                &nbsp;2021年02月28日 发表了口碑                                来自：汽车之家Android版                                                    《心心念念的汉兰达终于到手，超开心！》                                                                                                                                                                                                                        【最满意】新汉兰达配置升级，但价格没涨，空间非常大，实用性强，性价比高，保值率高，这些都是我非常满意的点。【最不满意】内饰有点不够到位，近30万的车这样的内饰不算精致，中规中矩，另外没有电子手刹，使用的还是普通的脚刹，少了点科技感。【空间】对比同等级别SUV，汉兰达的车内空间更大，座椅前后距离也非常宽，二排座椅滑动设计非常人性化，家里老人和小孩上下车都非常方便，而且后两排的座椅一起放下后是一个全平的面，不会凹凸不平，摆放超大件物品完全没压力。【动力】汉兰达车身很重，但动力很足，提速非常快，驾驶起来非常平顺。【操控】作为家用SUV，汉兰达属于稳重型，驾驶平顺，顿挫感少，过坑坑洼洼的地方不会有太明显的摇晃感。【油耗】开了汉兰达半个多月，平均油耗10.4L左右，汉兰达车身比较厚重，对比SUV来说，这油耗不算高了吧【舒适性】车内空间比较宽敞，座椅设计比较人性化，有弹性中心点，长途驾驶也不会很累，老人和孩子坐着也比较舒适，而且车内有PM2.5净化装置，保证车内空气质量。【外观】远近光灯一体型的LED大灯，穿射力很强，而且点亮速度快，方形门板设计很大气，整体外观感觉非常成熟稳重上档次。【内饰】丰田车主要注重发动机的研发，内饰方面都比较中规中矩，近30万的车这样内饰真的是不够精致，少了点科技感，但储物格、档位、把手这些布局设计还是比较合理的，空间资源利用比较充足。【性价比】作为同级别城市SUV的性价比之王，汉兰达的性价比主要体现在连续多年SUV保值率第一，那我买车当然是希望自己的车一直保值的。【为什么选择这款车】对比了很多SUV，从空间大小、性价比、保值率、外观等来比，还是更喜欢汉兰达，稳重大气、低调奢华，而且新汉兰达配置升级，价格没涨，性价比更高了。,,
86249,6249,汉兰达                        2021款 2.0T 两驱豪华版 7座,"[{""Year"":""全部在售"",""Value"":""汉兰达用户评分4.51分（769人参与）2.0T2.5L自动平均油耗11.3L/100km（18人平均值）自动平均油耗7.3L/100km（36人平均值）""},{""Year"":""2022款"",""Value"":""汉兰达2022款用户评分4.53分（622人参与）2.5L自动平均油耗7.3L/100km（36人平均值）""},{""Year"":""2021款"",""Value"":""汉兰达2021款用户评分4.45分（147人参与）2.0T自动平均油耗11.3L/100km（18人平均值）""}]",永州,2021/1/1,28.98万元,9.0升/百公里1126公里,4.75,4.75,5,5,4,5,5,5,4,5,上下班购物接送小孩自驾游,"口碑                &nbsp;2021年02月24日 发表了口碑                                来自：汽车之家Android版                                                    《我的专属座驾―汉兰达!》                                                                                                                                                                                                                        【最满意】最满意就是它的油耗比之前预期的油耗要低很多,再就是汉兰达的一个空间、外观设计也蛮喜欢！【最不满意】就是价格有点贵，对比了很多地方都没有优惠。【空间】汉兰达的空间很大，坂满七座后排还可以放行李箱，很多车型后排都啥都放不了，如果坂五个人的话，第二排空间就非常大，第二排座椅前后可以调节、靠背也可以调节，非常不错。                                                                                                                                                                                                【动力】汉兰达采用的是2.0t三双发动机，而且是采用原装进口的，现在大多数人买车都会关注发动机，所以汉兰达这款车在动力这块还是不错的。【操控】汉兰达的操控性也非常好，因为他是6a的t变速箱，不像双离合的变速箱，换档有顿挫感，而且采用的是双叉臂独立悬架，就算是在高速转弯还是颠簸的路面也能轻松应对。【油耗】这款车给我最意想不到的就是它的油耗，只有9L/100km,所以不用担心养不起啦！【舒适性】因为这款车空间是非常大的，第二排的座椅还可以前后滑动调节乘坂的舒适度，而且座椅的包裹性也是非常好，采用人体工学设计。因为车大，所以对空调的要求也特别高，这款车他也选配了三区独立自动恒温空调，有九个冷风出口，即使在第三排也能保持舒适的温度。                                                                                                【外观】现在都是看脸时代，买车也一样，我个人非常喜欢汉兰达的前脸，简单大方又独具一格，一眼就能识别是什么车开出去也有面子。                                                                                                【内饰】内饰也是非常简单、大方，十英寸的中控大屏，高德地图、手机互联等非常方便，皮质座椅，座仓布局设计比较简单，功能布局非常人性化。                                                                                                【性价比】这款车虽然说上市十年都没有优惠过，但是它的保值率也是有目共睹的，各方面的配件和用料都是非常上档次的，很多零件都是原装进口，丰田车后期的保养也很便宜，所以综合各方面的选择这款车没有错！                                                                                                【为什么选择这款车】因为现在生二胎了，家人比较多，又喜欢一家人出去自驾游，五座的车型满足不了我们一家人的需求，再说汉兰达这款车品牌好，发动机是原装进口很多零配件也是进口的，所以买的放心、用的安心。",,
86250,6250,汉兰达                        2021款 2.0T 两驱豪华版 7座,"[{""Year"":""全部在售"",""Value"":""汉兰达用户评分4.51分（769人参与）2.0T2.5L自动平均油耗11.3L/100km（18人平均值）自动平均油耗7.3L/100km（36人平均值）""},{""Year"":""2022款"",""Value"":""汉兰达2022款用户评分4.53分（622人参与）2.5L自动平均油耗7.3L/100km（36人平均值）""},{""Year"":""2021款"",""Value"":""汉兰达2021款用户评分4.45分（147人参与）2.0T自动平均油耗11.3L/100km（18人平均值）""}]",平顶山,2021/1/1,29.28万元,2530公里,4.75,4.75,5,5,5,5,4,5,4,5,接送小孩自驾游组车队,口碑                &nbsp;2021年02月20日 发表了口碑                                来自：汽车之家Android版                                                    《拥有大汉，开启新生活》                        【最满意】对于我来说三十多万的车子，注重的就是外观和品质，而汉兰达恰巧这两点都做的不错，外观整体设计硬朗而优雅，线条感强，稳重大气，还有就是车子品质过硬保值率高，耐造让人省心。【最不满意】内饰相信买过汉兰达的都会吐槽一下，塑料感有点多，有点掉价。不过还能接受，毕竟这车做工，储物槽等细节设计还是很人性化的。当然品质也过硬，开起来省心。【空间】我们家带上父母七口人，节假日出游，带上小孩带上父母刚刚好，这也是我选择七座的原因。之前也看过艾力绅，别克GL8，乘坐空间就不用说了，颜值就觉得一般，不太喜欢。综合考虑之下还是选择了汉兰达，不单单是颜值，出游的时候难免会走一些不好的的路况，这时SUV的优势就凸显出来了。【动力】目前车子开了一个多月了，主要在市区开，春节期间也上几次高速，2.0T排量的对于这个车子来说动力绰绰有余。无论是加速还是起步超车，都是游刃有余。【操控】操控还是很容易上手的，平时媳妇也不怎么开车，借着假期期间，在人少的地方基本都是让她开的，学车的时候学的是手动挡的，开着自动挡的车，上手也很快。平时上高速开起来也特别稳，方向也很灵敏，没有虚位。【油耗】目前市区高速都在跑，油耗8.9L/100km个左右，还比较满意，毕竟这么大个的车，同级别里面大汉的油耗表现我还是比较满意的。毕竟日系车省油耐开是有口皆碑的。【舒适性】车子的密闭性还好，行驶过程中噪音不是太大。座椅也很舒适，坐时间长了也不觉得累。可能是新车的原因吧，刚买的时候有点味道，在网上买了活性炭包放车里，现在好多了。【外观】外观设计是我的喜欢的，稳重大气，线条感强。耐看，看时间长了也不觉的丑。【内饰】内饰比较朴素，没有高端大气的感觉。特别是两侧车门的内饰，和汉兰达的整体气质有点不匹配。【性价比】总的来说汉兰达这款车我还是比较满意的，家里人比较多，平时也就是上班和家里人用，就图个用着省心和安心，平时开着不出什么小毛病，整体配置以及性能品质都很满意。                                                                                                【为什么选择这款车】作为一名三十岁的大叔，也喜欢BBA等豪华品牌，综合考虑最终还是选择了汉兰达。毕竟是七座的，空间布局也很合理，周末带上媳妇和孩子去郊外撒撒欢，看看风景，体验一下风土人情，感觉还是很棒的。坐的人多，储物空间也够用能够放很多自己想带的东西。并且平时如果买大件的话第二三排都可以放倒，这个超喜欢。,,
86251,6251,汉兰达                        2021款 2.0T 两驱豪华版 7座,"[{""Year"":""全部在售"",""Value"":""汉兰达用户评分4.51分（769人参与）2.0T2.5L自动平均油耗11.3L/100km（18人平均值）自动平均油耗7.3L/100km（36人平均值）""},{""Year"":""2022款"",""Value"":""汉兰达2022款用户评分4.53分（622人参与）2.5L自动平均油耗7.3L/100km（36人平均值）""},{""Year"":""2021款"",""Value"":""汉兰达2021款用户评分4.45分（147人参与）2.0T自动平均油耗11.3L/100km（18人平均值）""}]",佛山,2021/1/1,28.98万元,10.0升/百公里896公里,4.875,4.75,5,4,5,5,5,5,5,5,上下班接送小孩,                                        口碑                &nbsp;2021年02月27日 发表了口碑                                来自：手机汽车之家                                                    《大汉有大空间》                        【最满意】看过好几款车，试驾过，坐在大汉主驾驶的感觉是不错的，开起来的时候座椅感觉是比较不错的，舒适度很高不累，平时上下班将近一个小时，也算是一种享受。品牌的影响力很高，都说是开不坏的丰田车【最不满意】开的时间还不是很长，暂时还没有发现什么特别不满意的，新车看哪都比较不错很是喜欢，就是加速的时候有点慢【空间】大汉的空间不错，家用是木问题的，后排坐满了人也不会觉得挤，两边车门旁边也可以放水杯纯净水什么的都可以，副驾驶的中间部分设计的很好，一个长条形的储物空间放手机很好【动力】动力稍微有点不足，超车的时候也还可以，当然了市区大多数是没有超车的机会的，所以正常上下班用是没有问题的【操控】方向盘的手感还行，方向盘很灵敏的，操作很简单，感觉掌控很容易，开起来很容易上手【油耗】在市区开还是OK 的，丰田本来就省油上班的时候走高架，不是很费油，所以油耗看起来还行【舒适性】本来就是第一次买车，感觉长时间开车也不会很累，出去玩的时候开也很轻松不会有负担，不会说腰酸背疼的，整体都不错【外观】简单又大气，看起来很舒服，黑色又很霸气，家人都很满意【内饰】一眼看上去还可以，就是中规中矩的感觉，没有什么很突出的地方，看时间长了就觉得少了一点高级的元素【性价比】人觉得不错，毕竟是对比了好几个车的，把同价位的都看的差不多了，家用旅游都是够用的，丰田的品质口碑都不错【为什么选择这款车】开起来不累很舒服，包括后座乘坐起来也很舒适，开起来手感不错，很容易上手，整体感觉下来就是选它了。            ,,
86252,6252,汉兰达                        2021款 2.0T 两驱豪华版 7座,"[{""Year"":""全部在售"",""Value"":""汉兰达用户评分4.51分（769人参与）2.0T2.5L自动平均油耗11.3L/100km（18人平均值）自动平均油耗7.3L/100km（36人平均值）""},{""Year"":""2022款"",""Value"":""汉兰达2022款用户评分4.53分（622人参与）2.5L自动平均油耗7.3L/100km（36人平均值）""},{""Year"":""2021款"",""Value"":""汉兰达2021款用户评分4.45分（147人参与）2.0T自动平均油耗11.3L/100km（18人平均值）""}]",无锡,2021/1/1,28.98万元,11.2升/百公里1800公里,4.75,4.5,5,5,4,4,5,5,5,5,上下班购物接送小孩自驾游跑长途,                                        口碑                &nbsp;2021年02月24日 发表了口碑                                来自：汽车之家iPhone版                                                    《全家都是丰田粉，又添新成员》                        【最满意】在一般人眼里，汉兰达是高端豪华车，倍儿有面子，哈哈??！我最满意的就是这车叫汉兰达，家里去年刚买了一台威兰达，当时汉兰达加价2万，不然早买了，后来我丈人刚好也要换车，就把我媳妇那台给了我丈人开，我媳妇开新的汉兰达，是不是很霸气。这次过年回老家就是开了汉兰达，坐了6个人，一点都不挤。空间大、外观大气上档次、发动机是进口的、保值，这是我最满意的地方【最不满意】最不满意的就是买完才知道今年9月会出全新的改款，心里不舒服，车子本身是好车，没啥不满意的【空间】没有人说汉兰达空间小的，车身长4米9左右，宽度2米不到，坐在里面超级舒服，最后一排座椅平时收起来都不影响后备箱放东西【动力】进口发动机，据说和雷克萨斯RX是一样的，加速声音很柔顺，动力也能感受到，进口确实不一样，就是变速箱还是6速的，没有高级感，现在有的车都10速了【操控】车子毕竟大，有些许盲区，没有360还真得当心，过年回老家被树刮了两次，心态死了，停车没有威兰达方便，去商业中心停车好不容易有位子还不敢停进去，怕被人开门磕到【油耗】毕竟这么大一个车，买之前就担心油耗问题，实际上还行，就是失去路况有时候蹦到13，目前总油耗11.2，油表还是蛮准的【舒适性】这车开着满舒服的，比我威兰达上一个档次，明显感觉不一样，方向盘很轻，功能操作方便，储物格多【外观】霸气侧漏，还没听有人说汉兰达丑的，相比前几代，在外形上好看了不少【内饰】该有的都有了，功能齐全，就是没有全液晶仪表盘，现在好流行那个【性价比】性价比高的，哪天不开了卖出去还保值，所以我一点也不愁啊，虽然是贷款买的【为什么选择这款车】这车满足我所有需求，首先是7座，出行有保障，丰田车保值，养车成本低，技术有保障            ,,
86253,6253,汉兰达                        2021款 2.0T 两驱豪华版 7座,"[{""Year"":""全部在售"",""Value"":""汉兰达用户评分4.51分（769人参与）2.0T2.5L自动平均油耗11.3L/100km（18人平均值）自动平均油耗7.3L/100km（36人平均值）""},{""Year"":""2022款"",""Value"":""汉兰达2022款用户评分4.53分（622人参与）2.5L自动平均油耗7.3L/100km（36人平均值）""},{""Year"":""2021款"",""Value"":""汉兰达2021款用户评分4.45分（147人参与）2.0T自动平均油耗11.3L/100km（18人平均值）""}]",青岛,2021/1/1,28.98万元,8.0升/百公里2400公里,4.75,4.75,5,5,4,5,5,5,4,5,上下班购物接送小孩,                                        口碑                &nbsp;2021年02月21日 发表了口碑                                来自：汽车之家Android版                                                    《我还是果断选择汉兰达》                        【最满意】汉兰达本身的实力真的是很强的，而且也有着相当不错的安全性配置，当然最主要的还是有一个非常便宜的价格。有着更高的配置以及更好的舒适性体验，对于商务和家用来讲，这都是非常重要的。【最不满意】总之灵活性还是很一般的，老婆平时开这台车确实是比较累的；还有就是这个内饰的做工实在是有点太粗了，包括整个设计也是一样。【空间】在空间的利用上也做的很完美，保证了每一排宽敞的乘坐空间，而且也留有很大的后备箱，不管是平时作为商务接待还是带着家人出去旅行都是特别实用的，不管怎么样，我觉得只要自己觉得实用才是最重要的。【动力】汉兰达变速箱之间确实是有着一个非常好的调教，在两者的默契配合下它的动力输出特别平顺，而且这辆车平时开在高速上也有着充足的动力储备，这一点也是让人很有信心的。【操控】其实我买车之前早该想到的，毕竟有着这么大的车身尺寸，这让我每次掉头或者倒车入库的时候都不那么轻松，而且它的转向也稍微有点沉。【油耗】在我们家大多还是为我所用的，大多还主要都是用在工作上，平时各地跑，但也基本上都是在省内的，不算是特别长的长途吧，总之用车环境不那么固定，汉兰达的油耗也很让我满意，目前的平均油耗至8L/100KM。【舒适性】这也就是这个座椅非常贴合，不管是这个坐垫也好，还是身体两侧都是有着一个非常好的支撑性的，坐好之后整个身子有一种特别放松的感觉，平时我开长途也不觉得太难受，头部靠枕的填充也挺软的。【外观】汉兰达的外观看起来会更加年轻时尚，这两台车的外观风格不尽相同，各自保持着各自的魅力，因为我今年也就三十出头，我还是更加喜欢这种看起来更具时尚感的车子。【内饰】内饰表现还是让我有点失望的，对于这么大气的内饰风格我没有任何意见，只是这辆车在做工上确实让人有点说不过去，我的车子开了也并没有多久。【性价比】价格方面就不用多加强调了，在同级别车子里面，我觉得还是不错的。【为什么选择这款车】其实我认为这台车子的用车成本还是比较低的，平时的维修以及保养费用都是比较便宜的，所以我们认为它的性价比特别高。            ,,
86254,6254,汉兰达                        2021款 2.0T 两驱豪华版 7座,"[{""Year"":""全部在售"",""Value"":""汉兰达用户评分4.51分（769人参与）2.0T2.5L自动平均油耗11.3L/100km（18人平均值）自动平均油耗7.3L/100km（36人平均值）""},{""Year"":""2022款"",""Value"":""汉兰达2022款用户评分4.53分（622人参与）2.5L自动平均油耗7.3L/100km（36人平均值）""},{""Year"":""2021款"",""Value"":""汉兰达2021款用户评分4.45分（147人参与）2.0T自动平均油耗11.3L/100km（18人平均值）""}]",枣庄,2021/1/1,28.98万元,10.5升/百公里1000公里,4.75,5,5,5,5,5,5,5,4,4,上下班购物接送小孩,"                                        口碑                &nbsp;2021年02月01日 发表了口碑                                                                                    《依然是最好用的7座suv》                        【最满意】最满意的就是丰田汉兰达的空间了，我觉实这台车从空间上来讲的话，比大多数的七座suv都要好很多的,因为这个车的七座空间确实很实用，我当时也看了很多同级别的SUV，但是我觉实丰田汉兰达的七座是最实用的。还有手个就是这台车的动力了，我觉实这个车的动力还真的是很不错的，虽然说全系都是2.0t的涡轮增压发动机，但是这台车从动力上来讲的话也的确是很不错的，我买的是两驱版本的，所以说这个车的动力真的是很不错了，而且这个车用的6 at的变速箱，从这手点来讲的话，我觉实确实是挺好的，相对来说，我还是坐喜欢丰田的at变速箱，虽然说那个cvt的变速箱平顺性比较好手些，但是动力的爆发性真的是很不行，这个车我觉实不管是起步还是超车都是非常不错的。【最不满意】手个就是这台车的油耗了，我觉实这个车的油耗真的不算特别低的，当时我想着丰田车应该从油耗上面肯定是比较低的，但是现在的话，平均每百公里也需要十个油左右，而且堵车的时候，尤其是在市区上九班高峰期，我最高开过12个，所以说看起来这个车的油耗还是非常高的。还有手个就是台车的性价比了，其实丰田汉兰达从价格上来讲的话，对于同级别的其他车型来说还是比较高的，还有手个就是车子优惠力度非常的低，所以说从这手点来看的话，我觉实这个车真的是很手般了，毕竟我当时看同级别的锐界的话，高配的版本还有很大的优惠，这台车却不手样。【空间】汉兰达的空间我觉实真的太大了，前排的正副驾驶得着特别宽敞，尤其是我们手家人手起出去的时候，第三排就放手些我们的物品，前面就够得了，爸妈在后面第二排，两个位置之间的空余地方让他们得在后排可以任意活动，手点都不局限。【动力】2.0t的涡轮增压发动机真的是很不错的，而且这个车的动力表现我觉实是相当满意了，毕竟这个车作为手台中型SUV来说，车性这么大。还有手个就是对台6 at的变速箱，我觉实也很棒，虽然说不像美系车那种，动不动就是9 at或者说像德系车那种双离合，但是这个车变速箱的反应速度还是非常快的，而且稳定性也比较好。【操控】我觉实汉兰达的操控也就是属于那种中规中矩的类型，虽然说不是特别运动，但是也不是非常舒适的调教，对于我来说，我感觉这个调教还是很不错的，因为这个车相对来说并不是像七座MPV那样，非常偏向于舒适的，但是也不像那种硬排越野车，非常偏向于越野，或者说操控的我觉实这个车是恰到好处的。【油耗】我觉实油耗相对来说比我想象的坐高手些，因为对台车的油耗基本上现在也需要十个左右，但是如果说稍微堵手点车的话也就到11个或者12个了，所以说我感觉这个车的油耗对于丰田车来说就是有手些高了。【舒适性】汉兰达的空间我觉实真的太大了，前排的正副驾驶得着特别宽敞，尤其是我们手家人手起出去的时候，第三排就放手些我们的物品，前面就够得了，爸妈在后面第二排，两个位置之间的空余地方让他们得在后排可以任意活动，手点都不局限。【外观】我觉实这台车的坏观真的是很不错了，因为这个车子从坏观上来讲的话，手直都是这么经典，我感觉在很多的7座SUV里面很少车子能超过这台车的坏观。【内饰】汉兰达的内饰我觉实不难看，这是第手点，最起码上车之后心情不错，再手个这台车车内没有什么异外，除去刚提车回来那几天，很快就散去了。【性价比】我觉实性价比相对来说是比较低的，因为这个车的价格还是偏高手些，而且价格的优惠力度也比较小，所以说这个车从价格上来讲的话真的是不占什么优势的，虽然说我的预算也够，但是这个车的优惠力度也确实小。【为什么选择这款车】当时我选择丰田汉兰达，首先是从这个车的口碑上来讲的话，确实非常的不错，而且从价格上来讲的话，其实我还是可以接受的，虽然说价格高了手点，优惠力度也比较小，不过对于这个价格来讲的话，我觉实光要车子本性可以就行了。当时也确实对比了其他的车型像是MPV和福特锐界的同样七座SUV都看了手九，但是我觉实相对来说，丰田汉兰达坐好手些，首先这个车从坏观上来讲的话，我就比较喜欢像是MPV，我看了本田的奥德赛，感觉从坏观上来讲，我并不是特别喜欢，因为MPV给人的感觉就是比较臃肿手点，还有手个就是福特锐界，我觉实福特锐界虽然说价格比较低手些，但是从实力上来讲的话，还是和汉兰达差了手点，所以说最后还是选择了丰田汉兰达，尽管价格坐高，但是毕竟也在自己的预期之内。            ",,
86255,6255,汉兰达                        2021款 2.0T 两驱豪华版 7座,"[{""Year"":""全部在售"",""Value"":""汉兰达用户评分4.51分（769人参与）2.0T2.5L自动平均油耗11.3L/100km（18人平均值）自动平均油耗7.3L/100km（36人平均值）""},{""Year"":""2022款"",""Value"":""汉兰达2022款用户评分4.53分（622人参与）2.5L自动平均油耗7.3L/100km（36人平均值）""},{""Year"":""2021款"",""Value"":""汉兰达2021款用户评分4.45分（147人参与）2.0T自动平均油耗11.3L/100km（18人平均值）""}]",泉州,2021/1/1,28.98万元,11.6升/百公里1332公里,4.875,4.75,5,5,5,4,5,5,5,5,上下班自驾游跑长途商务差旅,                                        口碑                &nbsp;2021年01月31日 发表了口碑                                                                                    《经典车型动力王者，汉兰达还是这么厉害》                        【最满意】最满意汉兰达的外观，真不愧是经典车型，汉兰达就是好看。这辆车外观最大的优点就是不显得笨重，这得益于它自身的腰线和修长的车身，不仅在视觉上增加了层次感，而且还增加了外观的灵动性，在严肃的车身中增添了一分活泼的气息。【最不满意】最不满意这辆车的油耗，油耗在市区能达到11.6个油，即使是在高速也能开到11个油左右，这样的油耗比我预料中的大很多，按照目前的油钱来看真心有些伤不起。【空间】这辆车空间挺大的，我平时都用不完的那种。车子空间分布的比较合理，每个位置都留有足够的空间，但又不会太空旷。后备箱空间可以用来装一些大箱子，容纳量还是可以的。【动力】汉兰达在我看来就是个动力王者，虽然体型很大，但它的动力完全没有受到任何影响，跑起来依旧很顺畅，而且起步的时候非常迅速，跑的快了还有推背感。【操控】汉兰达还是蛮好操控的。这辆车开起来手感就是特别好的那种，转向也比较精准，各方面配合的也比较好，整个给人一种比较稳妥的感觉。【油耗】油耗比较高，百公里11.6个油有些超出预期，个人感觉不太满意。【舒适性】舒适性挺高的，座椅空间分布合理且对身体支撑力度大，这样的舒适性我感觉是非常不错的。【外观】外观挺经典的，它是那种比较耐看的车型，气质满分，很符合商务人士的气场，家用商用都蛮合适的。【内饰】内饰我觉得还可以吧，没有惊艳的感觉，整体配色挺好看的，有种比较稳重的感觉。【性价比】性价比很高，这个真的没的说，毕竟畅销了这么多年，性价比真的very good！【为什么选择这款车】我喜欢汉兰达已经好多年了，之前路过4S店看到它，就觉得这款车特别霸气，买车的时候我又看到了这款车，觉得这应该是我们的缘分吧，所以就选择了它。            ,,
86256,6256,汉兰达                        2021款 2.0T 两驱精英版 5座,"[{""Year"":""全部在售"",""Value"":""汉兰达用户评分4.51分（769人参与）2.0T2.5L自动平均油耗11.3L/100km（18人平均值）自动平均油耗7.3L/100km（36人平均值）""},{""Year"":""2022款"",""Value"":""汉兰达2022款用户评分4.53分（622人参与）2.5L自动平均油耗7.3L/100km（36人平均值）""},{""Year"":""2021款"",""Value"":""汉兰达2021款用户评分4.45分（147人参与）2.0T自动平均油耗11.3L/100km（18人平均值）""}]",临沂,2021/1/1,23.98万元,11.0升/百公里1336公里,4.75,4.75,5,5,5,4,5,5,4,5,越野约会赛车,                                        口碑                &nbsp;2021年02月23日 发表了口碑                                                                                    《入手低配两驱精英，好车不怕晚》                        【最满意】性价比非常高，一样的价钱，越级的享受。配置丰富，满足日常使用。【最不满意】快速行驶时胎噪略大，悬挂调校略硬。但是轮胎耐磨，车辆整体操控很好。【空间】乘坐空间很宽敞。靠背角度也可以调节。前后乘坐都很宽松，轴距2790妥妥的足够了。后备厢容积:后备箱是双层格物设计，可以分类储物，非常人性化的设计。【动力】2.0T的发动机可以满足日常使用，超车时也不会感觉到信心不足。【操控】方向的指向很精准，车身的在转弯时稳定性也很优秀，刹车的反馈感个人非常喜欢。【油耗】市区油耗相对来说不是很友好，但也能接受，毕竟是新车，还是涡轮增压。【舒适性】别的不说，冲着这大空间，还有它舒适的座椅，车内环境，总体我还是很满意的。【外观】非常有代表性的日系越野车，新款外观有肌肉感，车身线条很硬朗。【内饰】很传统的中控设计，缺少科技感，但是用起来很顺手，而且操作起来视线不会离开道路太久，感觉很安全。【性价比】入手的低配两驱精英，我认为它值它就值，我认为它性价比高就性价比高。【为什么选择这款车】同价位的车看了很多，价钱一样的比汉兰达小，和汉兰达一样大的比汉兰达贵，等了一个月才等到汉兰达新款，我认为是值得的，好车不怕晚。            ,,
86257,6257,汉兰达                        2021款 2.0T 两驱精英版 5座,"[{""Year"":""全部在售"",""Value"":""汉兰达用户评分4.51分（769人参与）2.0T2.5L自动平均油耗11.3L/100km（18人平均值）自动平均油耗7.3L/100km（36人平均值）""},{""Year"":""2022款"",""Value"":""汉兰达2022款用户评分4.53分（622人参与）2.5L自动平均油耗7.3L/100km（36人平均值）""},{""Year"":""2021款"",""Value"":""汉兰达2021款用户评分4.45分（147人参与）2.0T自动平均油耗11.3L/100km（18人平均值）""}]",东莞,2021/1/1,22.98万元,8.0升/百公里1080公里,4.875,4.75,5,5,5,5,4,5,5,5,上下班自驾游跑长途,"                                        口碑                &nbsp;2021年02月06日 发表了口碑                                来自：汽车之家iPhone版                                                    《翻山越岭的梦就靠汉兰达实现了！》                        【最满意】最满意的地方是空间足够,我身高182cm,前排后排都挺宽敞。动力充沛，随叫随到。【最不满意】持续加速几乎不会感觉的到顿挫，就是在降档过程中，低档的时候有拖拽感，不过也在接受范围之内。【空间】空间够用，我182的身高没有什么压迫感，后排坐3人很从容。【动力】动力随叫随到，2.0t的涡轮增压，比较充沛，超车无压力【操控】SUV就不要谈什么操控啦，不过转弯侧向支撑比较好，毕竟日系车底盘还是比较扎实的。【油耗】郊区油耗比较低，个人开车比较佛系。目前还没出首保，1百公里8个，这个油耗可以了。【舒适性】座椅包裹性个人感觉有点过了，长途的话可以,短途乘坐舒适性这方面，感觉还是有种压迫感。【外观】汉兰达外观年轻时尚大方，第一眼就看上了，整车棱角分明，有一种信心感。【内饰】内饰科技感提升了不少，用手可以摸到的地方基本都有软包处理，软包厚度还是有待提升。【性价比】丰田这个牌子的话，质量不用说，这个价位来看的话，汉兰达性价比同级别还是比较突出的，当初买车也是看中了这一点。【为什么选择这款车】首先就是考虑品牌，丰田这个牌子我们全家都能接受,最主要还是考虑偶尔假期出去自驾游，需要一款SUV，可以兼顾通过性和乘坐舒适性。            ",,
86258,6258,汉兰达                        2021款 2.0T 两驱精英版 5座,"[{""Year"":""全部在售"",""Value"":""汉兰达用户评分4.51分（769人参与）2.0T2.5L自动平均油耗11.3L/100km（18人平均值）自动平均油耗7.3L/100km（36人平均值）""},{""Year"":""2022款"",""Value"":""汉兰达2022款用户评分4.53分（622人参与）2.5L自动平均油耗7.3L/100km（36人平均值）""},{""Year"":""2021款"",""Value"":""汉兰达2021款用户评分4.45分（147人参与）2.0T自动平均油耗11.3L/100km（18人平均值）""}]",贵阳,2021/1/1,23.98万元,400公里,5,5,5,5,5,5,5,5,5,5,上下班,口碑                &nbsp;2021年02月04日 发表了口碑                                来自：汽车之家iPhone版                                                    《等了三个月汉兰达来了????》                                                                                                                                                                                                                        【最满意】等了一个多月终于等到我心仪的汉兰达，买这款车的时候一样就相中了，当时就想提车直接走，但是销售告诉我没有现车时，我还是犹豫了好一会要不要买，后面实在是太喜欢了， 所以觉得还是订车等等。好不容易车到了，那个时候瞬间觉得功夫不负有心人，好的东西确实是需要等待的。不管是从配置、油耗、舒适性、还是车辆的颜值在我看来都是满分的存在。超大的车内空间，最满意的还是超大的后备箱，以前老觉得后备箱不够用，现在出门完全不用担心，出门钓鱼时可以塞进给我的各种装备，还剩很多富余空间。【最不满意】最不满意的地方是车的内饰异味有点大，但是好像丰田的车大多都是有这个问题，多放点去味的东西就行，问题不大。还有就是发动机噪音有点大，刚开始一直在找是哪的声音，后面时间久了就发现是发动机的，虽然不影响行车，但是有点影响开车的心情。【空间】汉兰达这款车最大的特点就是超大的空间，简直是高个子的福音，坐车上在也不用屈着腿了，解放双腿。还有超大的后备箱配置，简直就是家庭出行春游的福音，天气好的时候，闲暇周末带着老婆、孩子吃食一起出去野餐，小生活有滋有味，提升生活幸福感。而且平时需要搬搬抬抬一些大件物品，再也不用担心车装不下了，还省了一笔叫搬运车的费用。这整个车后备箱是我最最满意的空间了，简直就是出门旅游居家必备良品。空间的容积率非常的高。                                                                                                                                                                                                【动力】动力对我这种爱出游的人可以说是完全够用了，对于长途出游这块来说，动力室完全没有问题的，能够很好的满足我的需求，而且对于驾驶的人来说体验感还是挺好的，爬坡和大弯什么的也不会让人觉得因为动力不足感到吃力，还是挺够用的。而且因为越野车的特性，坐车上看见视野也是极好的，视野很开阔。而且这款车的底盘还是挺高的，对于我这种喜欢出门玩的人来说，遇见山路崎岖的路段简直不要太美好，再也不用担心因为底盘低的问题对车造成不必要的伤害了。【操控】操控还是很轻松便捷的，也没有因为车的更新换代变得复杂，操作轻松简单，刹车挺灵敏的，反应也很快。【油耗】这款车油耗在同类型车中算是比较低的了，一般这种车都还是有点耗油的。但是汉兰达在这方面做得还是挺好的，在这一点上性价比上就要比其他同类车型更胜一筹。难怪这个车是需要预定的，这么多人喜欢的车，多等等也是值得的。【舒适性】乘坐感很好，真皮座椅长时间开车不会让人觉得疲惫。空间够大，时间长了还能时不时在车上在车上活动的活动双腿，没有拥挤感。悬架比较舒适，对细小震动过滤很好。                                                                                                【外观】这款车的外观深得我心，大气舒适，设计上简直就是完全从客户的外观需求设计的，简洁的设计让人第一眼看到就觉得大气上档次，完全不会让人觉得因为这个车挺大的会觉得突兀，感觉设计的一切都是刚刚好好的合适。                                                                                                                                                                                                                                                                                                【内饰】内饰整体上我还是比较满意的，内饰走线、做工细节上都是处理的比较好的，上手的手感也很顺滑。真皮座椅坐起来很舒适，基本上可以满足乘坐人的舒适感需求了。在这款车的性价比上我还是很满意的，主要也就是一个乘坐感的好坏是最主要的，其他内饰都觉得还行。平时对这个要求不是特别人的基本都能满足需求的。                                                                                                【性价比】相对于同类型的车来说这款车的价格来说，还算是在我能承受的范围以内。加上在款车满足了我大多数的需求，和对车的颜值的要求，还有配置和油的消耗上让人都是比较满意的。性价比是我目前看过同类车中还算是比较高的，而且后期的维护保养上也并不像有些车让人觉得麻烦，相对还说还是比较省事的。买车不就是图一个省心省事嘛。【为什么选择这款车】选择这款车我还是看了好久个品牌的，最后选择这款车主要是因为在价格和性价比上收拾让我觉得最合适的。最重要的还是超大的空间和后备箱，实在是让我太心动了。让我找不出不选择这款车的理由，开了这段时间，不仅没让我找出不选择这个车的理由，还让我更加没后悔选着这个车了，重点是这个车的并不像某些车那种不保值，这款车的保值率还是相对可以的。总体来说我还是挺满意的。,,
86259,6259,汉兰达                        2021款 2.0T 两驱精英版 7座,"[{""Year"":""全部在售"",""Value"":""汉兰达用户评分4.51分（769人参与）2.0T2.5L自动平均油耗11.3L/100km（18人平均值）自动平均油耗7.3L/100km（36人平均值）""},{""Year"":""2022款"",""Value"":""汉兰达2022款用户评分4.53分（622人参与）2.5L自动平均油耗7.3L/100km（36人平均值）""},{""Year"":""2021款"",""Value"":""汉兰达2021款用户评分4.45分（147人参与）2.0T自动平均油耗11.3L/100km（18人平均值）""}]",杭州,2021/1/1,24.88万元,8.0升/百公里1550公里,4.875,4.75,5,5,5,5,4,5,5,5,上下班接送小孩自驾游,                                        口碑                &nbsp;2021年02月21日 发表了口碑                                                                                    《喜欢这样的超大空间》                        【最满意】车子让我最满意的地方就是它的动力了。平常行驶的时候动力非常充沛，不管遇到什么路况都能轻松驾驭，肯给油，推背感也非常明显【最不满意】车子储物空间比较小，常想要放矿泉水瓶或者是手机什么的，就不太能放得下【空间】车子乘坐空间还是挺大的，平常出行的话能够轻松容纳我们一家人。但美中不足的一点就是它的储物空间不够丰富【动力】车子的动力表现是真不错。平常在市区里面行驶非常给力【操控】它不仅刹车、油门这些反应速度快，能够及时给出反馈，而且底盘也稳定，行驶的时候安全感满满。【油耗】我大部分时间都是在市区里面行驶，偶尔会上高速。市区里面油耗大概就保持在百公里八点几左右【舒适性】速度加起来之后，风噪声和胎噪声就比较明显，这样会影响整体体验【外观】车子的外观造型时尚帅气，同时又有非常强的科技感【内饰】新车刚买回来的时候没有什么异味，而且材质摸起来也不错，这样整体体验就比较好。【性价比】这款车子不管是从外观、操控还是内饰等方面来看，表现都非常优秀，对得起这个价格【为什么选择这款车】它的各方面表现都还不错，价格也符合我的要求，所以就拿下了。            ,,
86260,6260,汉兰达                        2021款 2.0T 两驱精英版 7座,"[{""Year"":""全部在售"",""Value"":""汉兰达用户评分4.51分（769人参与）2.0T2.5L自动平均油耗11.3L/100km（18人平均值）自动平均油耗7.3L/100km（36人平均值）""},{""Year"":""2022款"",""Value"":""汉兰达2022款用户评分4.53分（622人参与）2.5L自动平均油耗7.3L/100km（36人平均值）""},{""Year"":""2021款"",""Value"":""汉兰达2021款用户评分4.45分（147人参与）2.0T自动平均油耗11.3L/100km（18人平均值）""}]",成都,2021/1/1,24.88万元,8.3升/百公里1274公里,4.75,4.75,4,5,5,5,4,5,5,5,上下班购物,                                        口碑                &nbsp;2021年02月21日 发表了口碑                                                                                    《我的选择》                        【最满意】细说起来最满意的就是外观和内饰，能买到这样各方面都没有短板的车子已经很满足了【最不满意】车内隔音一般，高速行驶胎噪和风噪都比较吵。【空间】虽说是7座车型，但是后排空间确实不是很大【动力】动力还不错，油门响应及时，低速行驶顿挫感不会太强，高速上很轻松可以跑到120，动力充足，超车不费劲。【操控】驾驶手感还不错，方向盘尺寸大小合适，转向轻松，虚位感不明显【油耗】纯市区不到9个油，高速最低开到7.5左右，现在综合表显油耗8.3左右【舒适性】前排座椅够软，包裹感很好，轮胎不算很好，舒适度这块就很一般，车内隔音不到位，高速行驶胎噪和风噪都挺吵的。【外观】颜值很高，外观棱角分明，整体造型很符合年轻人的审美【内饰】做工用料都不差，硬件配置高，用车体验相当满足。【性价比】性价比就很高了，外观喜欢，内饰用诚意，动力总成也够用，实在是无可挑剔。【为什么选择这款车】年轻人买车基本都看外观，当然我也不例外，再看动力、配置和内饰，无一例外都很满足            ,,
86261,6261,汉兰达                        2021款 2.0T 两驱精英版 7座,"[{""Year"":""全部在售"",""Value"":""汉兰达用户评分4.51分（769人参与）2.0T2.5L自动平均油耗11.3L/100km（18人平均值）自动平均油耗7.3L/100km（36人平均值）""},{""Year"":""2022款"",""Value"":""汉兰达2022款用户评分4.53分（622人参与）2.5L自动平均油耗7.3L/100km（36人平均值）""},{""Year"":""2021款"",""Value"":""汉兰达2021款用户评分4.45分（147人参与）2.0T自动平均油耗11.3L/100km（18人平均值）""}]",太原,2021/3/1,24.88万元,11.0升/百公里841公里,4.75,4.75,5,5,5,4,5,5,4,5,上下班接送小孩自驾游商务差旅,口碑                &nbsp;2021年03月20日 发表了口碑                                                                                    《改版汉兰达初体验》                                                                                                                                                                                                                                                                                                                                                                                                【最满意】最满意的就是这款车空间设计，非常的宽敞，而且一家人出去玩也是足够的宽敞，还有就是汉兰达的口碑比较的不错，开着也比较的放心很多，还是很值得选择的。【最不满意】不满意的内饰比较的一般非常的普通，而且中考的显示屏非常的没有档次，看一段时间要不要加装一个大屏导航，还有就是材质非常的一般，毕竟落地28万的车怎样可以这样的塑料材质。【空间】空间不错，之前的轿车一家人出去，丢下谁都不合适，而且父母年纪也大了，就想着有时间多和父母出去走走，出去看看，，更好汉拉达的空间就比较的合适，座位数也比较的多，后备箱一家出去玩的东西也可以很好的放下就选择了这款车。【动力】动力方面还是比较的有劲，属于那种动力随心所欲的感觉，市区里面起步比较的快，2.0T的发动机非常的给力的，换挡还是比较的平顺的，跑高速的时候超车加速也很稳定，而且超车也是比较的快【操控】操控方面方向盘的转弯的时候比较的不错，而且很好控制，还有就是底盘的稳定性比较的好，刹车的高度，软硬都感觉比较的合适，还有就是油门的回应也比较啊快，属于那种随叫随到的那种。【油耗】油耗稍微有点高，比我想象的高，而且还是新车，也没有怎么跑，天天市区里面比较的多，期待磨合好之后的油耗表现吧，高速上跑了一次还是不错的，高速很省油的，主要是这段时间的有的油比较的贵，还是想更省油一些。【舒适性】舒适性方面的表现比较的一半，噪音方面的控制也算差不多的那种吧，还有就是开着比较的舒服一些，座椅的包裹性也还是可以接受的，还有就是崎岖的路况的时候和不好的路面的时候通过向比较的强一些，高速上噪音方面要是在控制的好一些就好了。【外观】外观方面的设计也比较的霸气一些，而且车身的线条运动感比较的完美一些，而且市区开一点都不嫌的不入流，设计的也非常的适合城市SUV的感觉，前脸的设计很年轻，特别是大灯的设计。【内饰】内饰方面给我的感觉就比较的一般，中控的塑料感非常的强，而且买的丐版的，材质比较的一般，做工方面还是比较的不错的，说真中考给我的感觉就是很lou的感受，不过既然选择了就没啥后悔的，实在不行这款车还是可以可以改装一下中控的。【性价比】性价比非常的不错，优惠虽然没有优惠，送的东西，还有就是这款车的保值率很高，口碑方面也是一直很不错的，开了一段时间感觉整体的表现都是很满意的。【为什么选择这款车】选择这款车的时候比较的比较的多，选择这款车第一方面那就是口碑方面的表现，这款车的销量和车主都是非常的力挺这款车，第二点就是空间方面的表现非常的优秀，本身选车就是奔着座位去的，7座的座椅布局，一家人出去玩的时候非常的完美。,,
86262,6262,汉兰达                        2021款 2.0T 两驱精英版 7座,"[{""Year"":""全部在售"",""Value"":""汉兰达用户评分4.51分（769人参与）2.0T2.5L自动平均油耗11.3L/100km（18人平均值）自动平均油耗7.3L/100km（36人平均值）""},{""Year"":""2022款"",""Value"":""汉兰达2022款用户评分4.53分（622人参与）2.5L自动平均油耗7.3L/100km（36人平均值）""},{""Year"":""2021款"",""Value"":""汉兰达2021款用户评分4.45分（147人参与）2.0T自动平均油耗11.3L/100km（18人平均值）""}]",湛江,2021/1/1,27.88万元,9.0升/百公里600公里,4.75,4.75,5,5,4,5,5,4,5,5,上下班购物接送小孩自驾游,口碑                &nbsp;2021年02月18日 发表了口碑                                来自：汽车之家Android版                                                    《新车到了！体验感很不错》                        【最满意】整体来说，车子的性价比还是比较高的。外观也非常大气，车子流线型非常地舒服好看。考虑换车很久了，主要用途是想着家里接送小朋友来回老家需要，偶尔假期可以家庭出去自驾游。一直在买7座还是5座的车间纠结。考虑家里二孩，偶尔也一块接送下孩子同学朋友拼个车，纠结后还是选择了7座，实用性更好，也能应对特殊情况。这个，刚好赶上春节。回老家，装了不少行李和礼品，今天出来，还捎了表妹一程，装了一车的土特和好吃的，孩子们也挺兴奋的。【最不满意】目前为止，还没有发现比较不满意的地方。就是老家跑了个开回，车子一下子脏了不少，颜色特别显小泥和尘土。【空间】空间相对于之前了小车真的是大了好多！畅快了不少，孩子们有的时候背着包拿着小玩意啥的，在车里也不挤。还能互动玩个小游戏啥的。春节出来，7座坐满了也不算挤，后面也装了不少的行李和特产等，解决了以前要使劲塞和调整空间的问题。今年五一尝试全家自驾游，想想，空间方面肯定也是够了的。【动力】起步提速还是比较快的，整体跑起来感觉比较轻盈。加速也比较明显，略踩油门就有明显提取，夏天天热后开空调再看看效果，是否影响。刹车方面比较平稳，车技也还行，不会出现急刹车吓到他们。高速的话，可能是相对于以前空间更充足点，疲乏感会相对弱一点。【操控】灯、表盘、开关门、空调，操控方面还是比较智能和方便的，指向清晰，刚开始的时候操控会有点不熟悉，需要摸索寻找一下，后面多开了一段时间就好多了，对各个部分都比较自然了。底盘比较稳。春节回家会经过泥泞路面，但是不平的路面，颠簸感在可接受范围内，不太影响车上的乘客。方向盘、刹车也都比较轻盈。虽然是大车型，但开起来体验感也是不错的，不显笨重。【油耗】春节期间这里拜亲戚那里拜亲戚的，距离购车到现在也跑了差不多600公里了，这段时间的油耗一直保持在百公里每9.0升左右，路上不堵车顺畅通车时就差不多百公里每8.3升左右，回老家时在高速路上都只要百公里7.2升了，和身边朋友们的车比起来油耗是很低的了【舒适性】舒适度真的非常满意，没有什么问题。除了空间更大这一改变带来的舒适。车子的座位设计也是很科学合理的，非常的贴合柔软，中长途的话也不会酸痛，还是很舒服的。再加上方向盘、油门、刹车比较轻盈，开车的体验感一直比较轻松愉悦，当然，可能也和终于换新车的心情与喜悦相关。过减速带或是泥泞路面时，整体底盘还是比较稳的，颠簸性不强，坐在车上感觉比较平顺。今年冬天天气不冷，周末天晴的时候，开车出去，开点窗户，车内采光和通风性也很满意，完全不需要开空调。空调的具体效果和体验感，得看高温夏天的具体表现。【外观】外观方面差不多是一眼看中，因为这次本来就想换大点的车，大车中除了越野个人比较偏爱这种风格。大气偏酷，但又不是那种很猛很壮的感觉。不过外观这种，纯看个人喜好，萝卜白菜各有所爱。车漆的话，因为是黑色的车，光泽度也比较重要。这个方面要是光泽度更好更耐脏一点就好了，不过买黑色的车事先本来也要考虑细尘和清洁方面，在可接受范围内【内饰】内饰和仪表等智能操控、音效都比较满意，设计比较合理，操作起来很方便，手感不错，也符合日常习惯【性价比】虽然第一眼比较偏好本车。但后面还是看了不少其他车型与品牌，在价格、座位数、美观、舒适度、品牌等等各方面都进行了比较，看了一圈，综合考虑。最终觉得还是第一个选项最符合个人喜好和心意，所以决定买这款，性价比不错，之后的使用方面也没让人失望，觉得做了正确的选择。                                                                                                【为什么选择这款车】1）新款车，眼缘好，第一眼对车型就比较满意，舒服中带着一点霸气，看起来比较稳2）空间大，实用性强，非常方便。基本上满足了生活各方面的日常需求，出门购物、接送小孩、上下班、周末外出。假期自驾游还没体验，不过车内空间充足，座位设置也比较舒适，开起来轻且稳，不易晕车有不适感，跑长途的话应该也不是太大问题，这次过年回老家，跑得稍微远点，比较方便。3）综合比较了价格、外观、用途各方面，最后选用了这款自己比较满意的车，虽然有其他更喜欢的车，但是价格方面超预算过多，所以目前适用性和安全性优先，在家里可预算范围内，选用了这款车，到目前还是非常满意的。,,
86263,6263,汉兰达                        2021款 2.0T 两驱精英版 7座,"[{""Year"":""全部在售"",""Value"":""汉兰达用户评分4.51分（769人参与）2.0T2.5L自动平均油耗11.3L/100km（18人平均值）自动平均油耗7.3L/100km（36人平均值）""},{""Year"":""2022款"",""Value"":""汉兰达2022款用户评分4.53分（622人参与）2.5L自动平均油耗7.3L/100km（36人平均值）""},{""Year"":""2021款"",""Value"":""汉兰达2021款用户评分4.45分（147人参与）2.0T自动平均油耗11.3L/100km（18人平均值）""}]",中山,2021/1/1,24.88万元,12.0升/百公里700公里,4.875,4.75,5,5,5,4,5,5,5,5,上下班接送小孩,口碑                &nbsp;2021年02月04日 发表了口碑                                                                                    《送给自己的礼物，家用车汉兰达》                                                                                                                                                                                                                        【最满意】最满意的就是汉兰达的大空间，前后排的空间都非常的大，和它的外观一样，空间利用率很高，我们家5个人完全够用，车内储物空间也相当丰富，平时零碎物品都能装好，这样不乱扔，很人性化的设计。【最不满意】起步的动力比较弱，这是我不满意的地方，尤其是等红灯的时候尤其明显，每次绿灯起步都觉得会比旁边的车子要慢一点。还有车内味道也有点重，也许是新车散味慢，好几天也都是那么大味道。【空间】空间大不仅能满足日常家用需求，偶尔还能带一家人出来走走，连帐篷和衣物鞋子都不愁没地方放。                                                                                                                                                                                                【动力】我觉得动力方面并不是很强，主要弱的方面是起步和加速，等红灯时起步基本上都会比一旁的车起步慢，不过等涡轮介入以后动力加速还可以。【操控】总体感觉汉兰达的操控还是很灵活的，虽然看着车身尺寸大，但是开起来其实一点也不觉得笨重，手握方向盘很轻盈，打起方向盘很轻松。【油耗】总的来说油耗还是有点高，平时在市区里开都要12个油了，可能是因为车身大，再加上新车没怎么跑过高速油耗是会高一点，如果多跑点高速应该会低一点。【舒适性】就汉兰达的这空间不管是坐的人还是驾驶的人都会觉得很舒适吧，因为空间够大，座椅也很厚实包裹性相当到位，行驶时车子还是很安静的，速度快时会有点噪音。【外观】汉兰达的外观还是相当可以的外观设计很霸气，开出去见客户也不会掉面子，车身上的腰线很有质感，视觉效果很强。                                                                                                【内饰】内饰材质多数是用软性材料包裹，无论是看起来还是摸起来都很舒服，内饰整体的风格也是偏稳重的，没什么花里胡哨的东西。【性价比】配置高，在同等级的车型里也很有优势，车里的空间完全不输其他车型，最主要的是市场保有率高，保值率也够高！【为什么选择这款车】在大七座车中我觉得汉兰达应该算是比较出名的了，市场上的保有率也很高这也算是一种认可吧，过了贪玩的年龄现在买车更多的关注是在家人身上，选择一辆空间大的车家人坐着也会舒服许多。,,
86264,6264,汉兰达                        2021款 2.0T 两驱尊贵版 7座,"[{""Year"":""全部在售"",""Value"":""汉兰达用户评分4.51分（769人参与）2.0T2.5L自动平均油耗11.3L/100km（18人平均值）自动平均油耗7.3L/100km（36人平均值）""},{""Year"":""2022款"",""Value"":""汉兰达2022款用户评分4.53分（622人参与）2.5L自动平均油耗7.3L/100km（36人平均值）""},{""Year"":""2021款"",""Value"":""汉兰达2021款用户评分4.45分（147人参与）2.0T自动平均油耗11.3L/100km（18人平均值）""}]",苏州,2021/1/1,29.98万元,10.8升/百公里1260公里,4.75,4.75,5,5,4,5,5,5,5,4,上下班购物约会,                                        口碑                &nbsp;2021年02月23日 发表了口碑                                                                                    《满足二胎家庭的需求，我的丰田汉兰达》                        【最满意】整体安全性能较好，个人觉得底盘调整的比较好，过滤颠簸路面比较平顺。【最不满意】就是行驶过程中，自动启停不能关闭，车子刚买回来，需要一点时间来磨合。【空间】因为经常需要去市区进货，后排座位可以直接放倒，能特别容易满足我家用的需求。后排空间也比较充足，一家人和父母孩子出行不必担忧。【动力】动力强劲，日常生活中即使拉满货物，也完全没有问题，动力杠杠滴。【操控】操控没问题，现在的自动挡车子都很好开，唯独就是车子有点大，驾驭起来会稍微有一点重，需要一段时间的磨合才行。【油耗】接送小孩的时候在市中心行驶，油耗偏高，可以达到10个多油，但是市郊行驶的时候，油耗就比较低了，大概8、9个左右【舒适性】座椅是真皮的，里面的包裹性很强，很舒适，后排座椅也是三个大人坐着不拥挤，尤其后排地板纯平，中间人坐着也不难受【外观】外观硬朗有力，会显得车更加大气威武，线条感和时尚感都很不错。【内饰】内饰低调，按键大方，相比其他奢华内饰，本人觉得汉兰达的内饰更容易操作。【性价比】款价格优惠少，但它配置齐全，动力强，外观时尚运动就是胎噪有点大，整体性价比还可以。【为什么选择这款车】同级SUV里面，性价比最高，比途观、奇骏等外观都要时尚，更具有肌肉硬朗感，而且空间宽大，最能满足我二胎家庭的需求。            ,,
86265,6265,汉兰达                        2021款 2.0T 两驱尊贵版 7座,"[{""Year"":""全部在售"",""Value"":""汉兰达用户评分4.51分（769人参与）2.0T2.5L自动平均油耗11.3L/100km（18人平均值）自动平均油耗7.3L/100km（36人平均值）""},{""Year"":""2022款"",""Value"":""汉兰达2022款用户评分4.53分（622人参与）2.5L自动平均油耗7.3L/100km（36人平均值）""},{""Year"":""2021款"",""Value"":""汉兰达2021款用户评分4.45分（147人参与）2.0T自动平均油耗11.3L/100km（18人平均值）""}]",海口,2021/1/1,29.98万元,8.0升/百公里1271公里,4.75,5,5,5,5,5,5,4,4,5,上下班购物,"                                        口碑                &nbsp;2021年02月21日 发表了口碑                                                                                    《新车新气象-汉兰达》                        【最满意】整体来说对这款车最满意的就是外观和空间了【最不满意】看了好多车评,大家都在说这个车的车漆薄的问题【空间】空间总体给我的感受是挺满意的,没有什么不满意的地方【动力】个人非常喜欢这个平顺的感觉,尤其对于我这样的新,手来说,非常的稳。【操控】总体来说,方向盘还是比较重,有一定的阻力感。【油耗】油耗比较低,我综合油耗8左右,符合我个人的预期。【舒适性】因为空间大的原因,所以坐里面不局促,座椅又比较的厚实【外观】外观运动感十足,男人开就显得比较霸气了。这个外观我是很喜欢的【内饰】内饰这个我前面也提到了,就是整体的塑料感让人感觉档次不高【性价比】我个人觉得就好在丰田的牌子上了,大家都说开不烂的丰田也是有原因的,发动机质量确实比较好,而且重点就是油耗低。【为什么选择这款车】购车之前最主要的就是在汽车之家闲逛,看各种大家对于车的评价,最后还是选择了威兰达            ",,
86266,6266,汉兰达                        2021款 2.0T 两驱尊贵版 7座,"[{""Year"":""全部在售"",""Value"":""汉兰达用户评分4.51分（769人参与）2.0T2.5L自动平均油耗11.3L/100km（18人平均值）自动平均油耗7.3L/100km（36人平均值）""},{""Year"":""2022款"",""Value"":""汉兰达2022款用户评分4.53分（622人参与）2.5L自动平均油耗7.3L/100km（36人平均值）""},{""Year"":""2021款"",""Value"":""汉兰达2021款用户评分4.45分（147人参与）2.0T自动平均油耗11.3L/100km（18人平均值）""}]",成都,2021/1/1,29.98万元,8.4升/百公里1271公里,4.75,4.75,5,5,5,5,4,5,4,5,上下班购物,                                        口碑                &nbsp;2021年02月21日 发表了口碑                                                                                    《跑起来很畅快的汉兰达》                        【最满意】车子让我最满意的地方就是它的动力了。平常行驶的时候动力非常充沛，不管遇到什么路况都能轻松驾驭，肯给油，推背感也非常明显【最不满意】这车的噪音还是稍微有点大，不是很满意目前【空间】车子乘坐空间还是挺大的，平常出行的话能够轻松容纳我们一家人。但美中不足的一点就是它的储物空间不够丰富【动力】车子的动力表现是真不错。平常在市区里面行驶非常给力【操控】它不仅刹车、油门这些反应速度快，能够及时给出反馈，而且底盘也稳定，行驶的时候安全感满满。【油耗】我大部分时间都是在市区里面行驶，偶尔会上高速。市区里面油耗大概就保持在百公里八点几左右【舒适性】速度加起来之后，风噪声和胎噪声就比较明显，这样会影响整体体验【外观】车子的外观造型时尚帅气，同时又有非常强的科技感【内饰】新车刚买回来的时候没有什么异味，而且材质摸起来也不错，这样整体体验就比较好。【性价比】这款车子不管是从外观、操控还是内饰等方面来看，表现都非常优秀，对得起这个价格【为什么选择这款车】它的各方面表现都还不错，价格也符合我的要求，所以就拿下了。            ,,
86267,6267,汉兰达                        2021款 2.0T 两驱尊贵版 7座,"[{""Year"":""全部在售"",""Value"":""汉兰达用户评分4.51分（769人参与）2.0T2.5L自动平均油耗11.3L/100km（18人平均值）自动平均油耗7.3L/100km（36人平均值）""},{""Year"":""2022款"",""Value"":""汉兰达2022款用户评分4.53分（622人参与）2.5L自动平均油耗7.3L/100km（36人平均值）""},{""Year"":""2021款"",""Value"":""汉兰达2021款用户评分4.45分（147人参与）2.0T自动平均油耗11.3L/100km（18人平均值）""}]",绵阳,2021/1/1,29.98万元,10.4升/百公里860公里,4.75,4.75,5,5,5,4,5,5,4,5,上下班接送小孩自驾游越野,                                        口碑                &nbsp;2021年02月20日 发表了口碑                                                                                    《运动时尚的代步车，造型很酷》                        【最满意】最满意的就是汉兰达这辆车的外观以及油耗表现了。首先就是外观设计的很时尚，造型很酷，整个车子的设计感很强，不仅前脸的辨识度很高而且后尾颜值也在线，车身的线条感也很流畅，运动感十足。还有这辆车的油耗表现也比较稳定，目前油耗还是蛮低的，一个月内不会给我带来很高的养车成本。【最不满意】我对这辆车的隔音性不是很满意，起步时声音比较大，而且在高速路上行驶时胎噪声比较明显，有时候和车里人说话是稍微会造成点影响，不过好在平时我自己也就开车上下班，放点音乐就没有什么问题了。【空间】虽然这辆车看起来比较紧凑，但是它车子内部的空间设计的还是蛮合理的，前排驾驶位上乘坐空间很大，没有什么拥挤感，车内储物空间设计的也很不错，能够放一些小物品，后排坐三个人也不会感到很拥挤，后备箱开口也比较大，拿取东西很方便。【动力】我感觉汉兰达这辆车的动力表现还是挺不错的，我个人比较喜欢开动力比较强劲一点的车子，那样开起来就很带感，这辆车的动力表现就常满足我的需求，它起步提速都很快，换挡比较平顺，爆发力很强，爬坡也是没有问题的，平时开着它可以给我省下不少时间，带给我不少驾驶乐趣。【操控】操控对新手还是蛮照顾的，比较它的操控比较简单，方向盘比较精准，可以说是指哪打哪了，车身也比较稳定，就算急速拐弯也没有较大的倾斜感，整体操控非常流畅，驾驭起来比较得心应手，刹车反应也很灵敏，对我们的人身安全很有保障。【油耗】汉兰达这辆车的油耗表现我还是挺满意的，油耗比较低，非常符合我的预期标准，目前油耗也就百公里10个左右，表现的比较稳定，在市区里路面堵车以及红绿灯等影响造成问题也基本不大，不会给我带来较高的养车成本。【舒适性】汉兰达座椅设计的比较合理非常的贴合人体，填充物很充足，包裹感很强，对腰部的支撑也很到位，底盘也很稳。不过它的隔音性不是很好，在高速路上行驶时胎噪声和风噪声都比较明显，好在平时就我一个人放点音乐也就没有什么问题了。【外观】这辆车的外观设计的非常时尚，运动感十足，车身的线条性也比较流畅，颜值特别高，在路上行驶时非常有辨识度。开起来很有面，我朋友总是夸我这辆车非常酷。【内饰】汉兰达内饰设计比较一般吧，做工不是很好，很多细节处理的不是很好，车内硬塑料比较多，没有什么档次感，不过配置方面到挺齐全的。这个价位也还算可以的了。【性价比】这辆车的价格比较便宜，保值率很高，而且汉兰达各个方面的表现都很优秀，外观设计比较时尚，非常符合年轻人的审美，辨识度很高，动力操控表现都很不错，而且油耗也比较低，养车成本不大，整体来说还是挺划算的，性价比还是蛮高的。【为什么选择这款车】这辆车的颜值很高，当时选车的时候就深深的被汉兰达所吸引，况且这辆车的各方面性能都很不错，配置很高很齐全，而且这辆车的价格也在我的预期范围之内。            ,,
86268,6268,汉兰达                        2021款 2.0T 两驱尊贵版 7座,"[{""Year"":""全部在售"",""Value"":""汉兰达用户评分4.51分（769人参与）2.0T2.5L自动平均油耗11.3L/100km（18人平均值）自动平均油耗7.3L/100km（36人平均值）""},{""Year"":""2022款"",""Value"":""汉兰达2022款用户评分4.53分（622人参与）2.5L自动平均油耗7.3L/100km（36人平均值）""},{""Year"":""2021款"",""Value"":""汉兰达2021款用户评分4.45分（147人参与）2.0T自动平均油耗11.3L/100km（18人平均值）""}]",成都,2021/1/1,29.98万元,8.8升/百公里1294公里,4.75,4.75,5,5,5,5,4,5,4,5,上下班购物,                                        口碑                &nbsp;2021年02月18日 发表了口碑                                                                                    《好看的汉兰达》                        【最满意】这个车子外观挺漂亮的，操控的手感也非常的好，上手的时候非常的轻松【最不满意】也没有什么最不满意的地方，味道肯定是新车专属的一个问题，它是会稍微有一些的。【空间】空间这一点我觉得它总体的一个表现和它所呈现出来的效果其实还是挺好的。【动力】动力的效果还行，虽然说不是特别的强劲，但是它整体的动力效果一点都不弱【操控】操控这一点是我非常喜欢的一个地方，因为我个人觉得这个车子的操控手感还是比较好的【油耗】油耗这个问题我觉得还可以，反正目前来看他是不高的，而且也趋于稳定的一个方向发展了【舒适性】舒适性的感受其实还好，因为我个人觉得舒适性上还是挺不错【外观】外观的风格我是比较喜欢的，我觉得整体给人的感觉就是比较的合适，而且设计也是有设计感的。【内饰】内饰我觉得还是让我比较欣喜的，因为内饰整体给人的感觉就是比较的好看，虽然说有一点点的味道，但是并不影响它整体的一个观感和使用。【性价比】性价比我觉得挺好的，价格合适，价位也合适，这是很难得的。【为什么选择这款车】这款车总地来说，价位这一方面确实整体来讲是非常合适的，尤其是在日常使用方面是完全没有什么问题的，包括这个车子的配置各方面都还是挺好            ,,
86269,6269,汉兰达                        2021款 2.0T 两驱尊贵版 7座,"[{""Year"":""全部在售"",""Value"":""汉兰达用户评分4.51分（769人参与）2.0T2.5L自动平均油耗11.3L/100km（18人平均值）自动平均油耗7.3L/100km（36人平均值）""},{""Year"":""2022款"",""Value"":""汉兰达2022款用户评分4.53分（622人参与）2.5L自动平均油耗7.3L/100km（36人平均值）""},{""Year"":""2021款"",""Value"":""汉兰达2021款用户评分4.45分（147人参与）2.0T自动平均油耗11.3L/100km（18人平均值）""}]",成都,2021/1/1,29.98万元,8.1升/百公里1846公里,4.75,4.75,5,5,4,5,5,5,4,5,上下班购物,                                        口碑                &nbsp;2021年02月18日 发表了口碑                                                                                    《新款汉兰达》                        【最满意】最满意的是车子的外观，车子很有运动感，在这个价位中称得上是非常好看的车子了【最不满意】满意的地方很多，到没有太不满意的地方，只是有点小缺点需要提一下，就是新车刚开始车内的气味大【空间】车子的乘坂空间还是很大的，一家人在车子上坂满了也没有什么压力，空间很宽敞【动力】只是想要有个车出行带下步，免得还要很麻烦的等着公共交通，在说基本上也是在市区中行驶，偶尔才会会趟老家，所以对动力的要求就不是很高了【操控】方向盘的指向性很精准，转向也不错，在转弯的时候不会有很大的压力，油门和刹车很灵敏，控制车子的快慢很轻松，就是车身对比小轿车还是大了些【油耗】油耗很不错，虽然经常在市区当中活动，但油耗也不是特别的高，综合油耗8.1个左右【舒适性】舒适方面很好，说实在的座椅坂着哪真叫一个舒服，非常的柔软，享受般的感觉【外观】外观很喜欢这样有个性的外观，前脸标志性的大网很有辨识度【内饰】内饰设计很时尚，有特色，用料很好，皮质的材料多，看着很实在，不廉价【性价比】性价比很不错，选择了这辆汉兰达就肯定是认可了它，在我心中性价比是很高的。【为什么选择这款车】选择这车主要是喜欢它的外观了吧，我认为有个好看的外观比起其他方面，要更有说服力。            ,,
86270,6270,汉兰达                        2021款 2.0T 两驱尊贵版 7座,"[{""Year"":""全部在售"",""Value"":""汉兰达用户评分4.51分（769人参与）2.0T2.5L自动平均油耗11.3L/100km（18人平均值）自动平均油耗7.3L/100km（36人平均值）""},{""Year"":""2022款"",""Value"":""汉兰达2022款用户评分4.53分（622人参与）2.5L自动平均油耗7.3L/100km（36人平均值）""},{""Year"":""2021款"",""Value"":""汉兰达2021款用户评分4.45分（147人参与）2.0T自动平均油耗11.3L/100km（18人平均值）""}]",恩施,2021/2/1,29.98万元,11.8升/百公里2567公里,4.75,4.75,5,5,5,5,4,5,4,5,自驾游跑长途越野,                                        口碑                &nbsp;2021年02月27日 发表了口碑                                来自：汽车之家Android版                                                    《我的最爱汉兰达》                        【最满意】我也没啥文化，就用最通俗易懂的文字来说说我最满意的地方，我觉得汉兰达的空间是我最满意的，七座大空间。【最不满意】汉兰达的内饰还是觉得简单了点，感觉可以在豪华感强点！【空间】空间非常满意，后备空间非常能装，年前买了开回家走人家，去买拜年货拖了十几只腊蹄子都放的妥妥的，还是非常好的！【动力】汉兰达的加速刚开始感觉有点皮，后面速度起来后整体的加速感觉就好了，平常跑山路也足够用【操控】我们这里山路很多，转弯这些的感觉都很稳定【油耗】油耗的表现我现在开的公里数也不多，我的油耗是11.8L左右，感觉这个油耗不算很低但是也不高【舒适性】个人觉得像我经常开山路，过那种坑坑洼洼的路段减震还是有点硬！【外观】外观我自己是喜欢，外观轮廓很硬朗，看起来还比较霸气，比较喜欢全景天窗，我们农村晚上开到山上去打开全景天窗躺着看天空，还是非常漂亮的！白天有啥烦心事顿时就烟消云散了！【内饰】内饰有待改善，觉得可以多增加点豪华感的配件，整体偏简单，中控真体的感觉就是简单，但是方向感手感开起来还不错！【性价比】整体来说的话性价比打个五分，因为我买这款车主要在乎的就是空间这款车完全满足了我！所以还是非常喜欢这款车【为什么选择这款车】本人是住在农村的，靠卖茶叶这些，每天基本上都是开车到处收茶叶，因为我们这边山路又多，所以就急需一辆大空间越野车，看了好久最终还是觉得汉兰达合适！空间大，动力足够，外观看上去也不错！            ,,
86271,6271,汉兰达                        2021款 2.0T 四驱骑士版 7座,"[{""Year"":""全部在售"",""Value"":""汉兰达用户评分4.51分（769人参与）2.0T2.5L自动平均油耗11.3L/100km（18人平均值）自动平均油耗7.3L/100km（36人平均值）""},{""Year"":""2022款"",""Value"":""汉兰达2022款用户评分4.53分（622人参与）2.5L自动平均油耗7.3L/100km（36人平均值）""},{""Year"":""2021款"",""Value"":""汉兰达2021款用户评分4.45分（147人参与）2.0T自动平均油耗11.3L/100km（18人平均值）""}]",广州,2020/12/1,30.48万元,9.8升/百公里4760公里,4.75,4.5,5,4,4,5,5,5,5,5,上下班购物自驾游,                                        口碑                &nbsp;2021年02月21日 发表了口碑                                来自：汽车之家Android版                                                    《我为你奔赴而来，大汉风采》                        【最满意】本来以为要等很久才有车，结果敲定好价钱和合同各种细节之后，所有流程就很快就搞定，提车回家了。最满意的是这台车的空间和配置都挺不错的，我喜欢。【最不满意】可能是之前开惯了小轿车，突然换了台SUV就不太会开了，有点飘。【空间】乘坐空间够大够宽敞，储物空间也大全家出游时：过年用车就充分凸现出空间大才够用，不仅要载人，还要够大放年货【动力】说实话其实用车的时间还不是很长，可能用车的体验不是很准确，但是这款车爬坡动力确实一般，特别是上山路的时候。【操控】刹车油门都不重，方向盘也很好控制，到转弯掉头的时候稍微有点侧偏。【油耗】目前使用情况是开高速表现会好点，堵车的话就费油。【舒适性】座椅很舒服，手感好，空调暂时体验感还不多，开高速的车内噪音也还行，不会跟噪。【外观】因为买的这个版本，车灯是有亮闪闪的颜色。                                                                                                【内饰】新车的味道也不会很大，中控很大，操作起来也简单易上手，内饰配件的手感都挺不错的。【性价比】预算在三十万左右，配置内饰都都还不错，看上去有质感的一款车。【为什么选择这款车】考虑了几个品牌，在预算内，颜值还说得过去，配置内饰比较过之后，还是选了这款。身边朋友也有开这个品牌的车，平常保养什么的都省心，没什么大毛病。            ,,
86272,6272,汉兰达                        2021款 2.0T 四驱骑士版 7座,"[{""Year"":""全部在售"",""Value"":""汉兰达用户评分4.51分（769人参与）2.0T2.5L自动平均油耗11.3L/100km（18人平均值）自动平均油耗7.3L/100km（36人平均值）""},{""Year"":""2022款"",""Value"":""汉兰达2022款用户评分4.53分（622人参与）2.5L自动平均油耗7.3L/100km（36人平均值）""},{""Year"":""2021款"",""Value"":""汉兰达2021款用户评分4.45分（147人参与）2.0T自动平均油耗11.3L/100km（18人平均值）""}]",重庆,2021/1/1,30.68万元,11.5升/百公里2000公里,4.75,4.75,5,5,5,4,5,5,5,4,自驾游跑长途拉货,口碑                &nbsp;2021年02月27日 发表了口碑                                来自：汽车之家iPhone版                                                    《宽敞的内部空间让我载人，拉货都游刃有余》                                                                                                                                                                                                                        【最满意】最满意的就是这个车的空间了，里面很宽敞，看了其他车型，参数比汉兰达大，但是实际坐进去感觉就没有它大，空间设计利用得好的原因吧。第二排也很宽裕，坐3个人轻轻松松，4个人也勉强可以挤得下。靠背可以调，过年出去玩，跑长途后面的人坐着也不觉得累。由于自己做点小生意撒，也会去进货之类的，所以对后备箱需求还是有点大，东西不重但是体积太啊。这点汉兰达还是很给力，进货的时候东西多也塞得下了。还有就是动力了，重庆爬坡的路很多，所以选择四驱还是很有必要，2.0t的发动机动力充沛，超车爬坡还是非常轻松。【最不满意】不满意的地方就是车子块头比较大，小一点的停车位停进去了下车不是很方便。还有就是都30w的车子了，居然还是脚刹，这点希望可以改进改进。【空间】我个子比较大，一米79的个子，坐里面感觉还是非常宽裕的。后备箱容积也大，进货的时候拉点货物也是完全没问题。【动力】这2.0t的发动机动力是足够用了，油门调教也很灵敏，超车爬坡基本都很轻松。【操控】车身比较重，跑高速的时候时速130 140都还是很稳很扎实的。因为有四驱，下雨天走山路也没有发生侧滑打滑这些，通过性还是可以。【油耗】平时在市区里跑，差不多行驶了4000公里左右了，油耗11到12油之间吧。比着之前的轿车是高出来不少，也还行吧能接受。【舒适性】悬架算是偏软那种，跑山路还有走坑洼路面没有很强的颠覆感，都过去得比较从容。还有就是正副驾驶都是电动调节，有时候开累了可以换换坐姿，缓解一下疲劳。还有第二排靠椅可以调节，坐久了不舒服也可以改变一下坐姿。【外观】普通版的汉兰达太中规中矩了，所以我选择了骑士版，比普通的做了些黑化处理感觉更运动更个性一些。【内饰】内饰设计得非常不错，那深不见底的中央扶手箱，还有仪表台下的储物格，都很方便实用。风格的话，每个人喜欢得风格不一样。                                                                                                                                                                                                【性价比】车子购买方式是选择的按揭，虽然很多车型都有0息，而且车价还有优惠，汉兰达都没有。好在利息不高，还是能接受。【为什么选择这款车】看了几款车，试了之后感觉汉兰达的空间更大些，还有就是它的保值率比较高，另外发动机采用原装进口的，故障率低。,,
86273,6273,汉兰达                        2021款 2.0T 四驱骑士版 7座,"[{""Year"":""全部在售"",""Value"":""汉兰达用户评分4.51分（769人参与）2.0T2.5L自动平均油耗11.3L/100km（18人平均值）自动平均油耗7.3L/100km（36人平均值）""},{""Year"":""2022款"",""Value"":""汉兰达2022款用户评分4.53分（622人参与）2.5L自动平均油耗7.3L/100km（36人平均值）""},{""Year"":""2021款"",""Value"":""汉兰达2021款用户评分4.45分（147人参与）2.0T自动平均油耗11.3L/100km（18人平均值）""}]",北京,2021/1/1,29.98万元,10.0升/百公里1130公里,4.875,4.75,5,5,5,4,5,5,5,5,上下班购物自驾游,口碑                &nbsp;2021年02月18日 发表了口碑                                来自：汽车之家Android版                                                    《我的2021款汉兰达开着出去特有面儿》                        【最满意】这车的外观特别吸引我，没有别人说的中年油腻男的既视感，车的前脸看起来年轻大气，识别率很高，整体线条很有科技感，开着出去特有面儿，还有车门边和仪表台上的木纹饰条，特有高级感，总之我对这车第一印象就很好。另外，这车空间超大，我在宜家买的那些家具都是用这车拉回来的，其次真皮座椅还有透气孔，坐着不软不硬特舒服。【最不满意】提车特别慢，不知道是库存少还是这车太火了，我当时等了很长时间的，等得我都烦躁了，不知道是不是厂家的饥饿营销。。。还有就是刚买那段时间，车里味儿比较大，放了很长时间的柚子皮和炭包才好些。【空间】空间我刚刚也说了，确实特别大，横向、纵向的空间都比较大，就算全坐满了，头部和腿部也还有一定空间，不会感觉拥挤。车前排的储物空间我也很满意，放置一些小物品，钱包钥匙之类的，相当方便。【动力】动力方面也比较出色，2.0t的涡轮增压发动机，日常代步绰绰有余，起步快还稳，完全不肉，动力强劲，提速过程推背感还是比较明显的，只要肯给油，立马有速度，说走就走。【操控】操控感上我感觉开起来挺顺手的，而且很平顺，方向盘也不重，转动特别灵活，转向角度也大，方向盘上的功能按键设计，用起来挺方便的。【油耗】油耗上我觉得还好，算不上很省油，目前开了1000多公里，综合下来10个左右，毕意我在市里开的时间最多，走走停停，再加上等红灯，这个油耗跟我预期比差不多。【舒适性】舒适性上还是很好的，真皮座椅有透气孔，坐时间长不会流汗，而且座椅软硬适中，时间长也不会感觉累，走坑洼路段时还能起一定减震效果。然后就是底盘沉，开起来很稳，很舒服。【外观】这车外观特别大气，识别率很高，整体看挺有气势的，线条很有科技感，透镜式LED前大灯霸气又帅气，我觉得颜值挺高的，开出去还特有面儿。                                                                                                【内饰】内饰我很喜欢，座椅的颜色，跟车门边和仪表台上的木纹饰条搭配起来特有高级感，10英寸电子语音导航系统，响应很快，操作方便，感觉这车的内饰与外观很搭。                                                                                                                                                                                                【性价比】我觉得性价比很高，虽然优惠力度比较小，但跟同级别的车相比无论是车的质量或是以后的维修保养，对我都很有吸引力。而且汉兰达的保值率非常高，开几年再换也不会太掉价。【为什么选择这款车】选丰田这款汉兰达，第一是它空间大，能满足我们一家带老人的出游需求，第二，想买汉兰达很久了，新出的2021款，比之前我看的老款，在配置上有了升级，而且升级后的价格没怎么变。第三就是这车毛病少，就算后期需要维修，也相对便宜，而且保值率还高。,,
86274,6274,汉兰达                        2021款 2.0T 四驱骑士版 7座,"[{""Year"":""全部在售"",""Value"":""汉兰达用户评分4.51分（769人参与）2.0T2.5L自动平均油耗11.3L/100km（18人平均值）自动平均油耗7.3L/100km（36人平均值）""},{""Year"":""2022款"",""Value"":""汉兰达2022款用户评分4.53分（622人参与）2.5L自动平均油耗7.3L/100km（36人平均值）""},{""Year"":""2021款"",""Value"":""汉兰达2021款用户评分4.45分（147人参与）2.0T自动平均油耗11.3L/100km（18人平均值）""}]",湖州,2021/1/1,31.00万元,8.0升/百公里2000公里,4.75,4.5,5,5,4,4,5,5,5,5,上下班购物接送小孩商务差旅,口碑                &nbsp;2021年02月18日 发表了口碑                                来自：汽车之家Android版                                                    《第一次买汉兰达的车感觉还不错！》                        【最满意】最满意的地方就是车的内饰和前后排座椅了，特别是前面的操作杆哪里，感觉档子都不是我以前那款能比的，带一点点商务风感觉，我特别喜欢！【最不满意】不满意的地方就是操作有点不顺手吧，毕竟刚刚买不久，没有达到那种炉火纯青的地步。【空间】空间这方面肯定是没有一点点问题的，满足平时日常购物或者是捎点东西管够，平时和老婆出去从来没有担心过东西放不下。【动力】动力方面的话倒是还不错，一脚踩下去有那种明显的推背感，平时爬坡稍微给点油就上去了，就是起步的时候要注意一下油门有点敏感，别冲太快。【操控】操作肯定是自己还没有适应，转弯的时候有点带不过去，不过多开开应该就没有问题了。【油耗】油耗这方面倒是没有怎么注意，不过新车应该是没有问题的，刚刚买来是性能最好的时候，看看以后发挥吧。【舒适性】舒适性这方面是绝对满分，特别是靠背非常舒服，我平时坐的久后背非常酸痛，但是汉兰达这款车一点点也没有让我感觉不舒适，一靠上软乎乎的，感觉非常好。【外观】外观是我买车的一个理由嘛，毕竟人靠衣装车肯定是靠外观了，只有自己中意的才是适合自己的，我个人感觉是一点问题都没有的。【内饰】内饰感觉还是蛮不错的，有那种商务风的感觉，适合成熟男人的那种风格，比较偏向自己的风格嘛感觉还是不错的。                                                                                                                                                                                                【性价比】性价比这方面因人而异吧，我个人感觉还是非常值的，不管是性能，舒适性，外观还是价格这些方面都比较贴近自己的心理预期，非常满意！【为什么选择这款车】选择的理由就是车子的外观比较中意我的设想，毕竟车的面子就跟自己的面子一样，肯定不能落下。,,
86275,6275,汉兰达                        2021款 2.0T 四驱骑士版 7座,"[{""Year"":""全部在售"",""Value"":""汉兰达用户评分4.51分（769人参与）2.0T2.5L自动平均油耗11.3L/100km（18人平均值）自动平均油耗7.3L/100km（36人平均值）""},{""Year"":""2022款"",""Value"":""汉兰达2022款用户评分4.53分（622人参与）2.5L自动平均油耗7.3L/100km（36人平均值）""},{""Year"":""2021款"",""Value"":""汉兰达2021款用户评分4.45分（147人参与）2.0T自动平均油耗11.3L/100km（18人平均值）""}]",成都,2021/1/1,30.48万元,10.2升/百公里923公里,4.75,4.75,5,5,4,5,5,5,4,5,上下班自驾游,                                        口碑                &nbsp;2021年02月10日 发表了口碑                                                                                    《外观霸气，空间够用，家用车里的佼佼者》                        【最满意】外观我是觉味很霸气，开出去很三面子，空间也非常大，因为家里人口比较当，所以选了7座版，2790mm自轴距空间也是非常够用自。【最不满意】最不满意自就是内饰了，没三氛围灯，也没三全液晶仪表，整体内饰也比较怀旧，没什么创意，而且多光灯居然是卤素自，真自是醉了。【空间】2790mm自轴距虽然不是特别大，但是坐电我们身家六口还是完全够用自，后备箱稍微三点盘了，不过如果放倒第软排，空间还是挺大自。【动力】动力选自是2.0t小驱版本，动力还是挺足自，尤其是电高架桥，轻轻松松就能电去，超车也没三很踩油门，220马力带身辆两吨重自车完全无压力。【操控】其实车八还是挺大自，所以在很当商场里，尤其是过年过节，车当自时候很难找到车位停车，还三就是调头自时候转弯半径比较大，太窄自路需要倒身次才能过去。【油耗】车大油耗肯定不能跟轿车比，而且车重也达到了2吨，所以表显油耗10.2升感觉还是挺合理自。【舒适性】我觉味挺舒服自，就是座椅用自不是真r自，是仿r和真r拼接自，不过坐着还算是比较舒服自。【外观】外观也算是身见倾心了，看着就非常霸气，所以买车自时候果断入手汉兰达。【内饰】内饰设计身般，没三氛围灯设计，中科设计也比较老气横秋，其它还是比较满意自。【性价比】感觉性价比还可以，7座家用合适，外观也非常漂亮，所以感觉光己买自挺值自。【为什么选择这款车】买车主要是为了家用出行方便，MPV太商务了，我和老婆都不太喜欢，所以决定买辆7座SUV，从网电看了很当车型最终被丰田汉兰达吸引，7座车，空间也比较充足，虽然价格没三优惠，但是也算在我自预算范围内，所以最终选了汉兰达。            ,,
86276,6276,汉兰达                        2022款 双擎 2.5L 四驱至尊版 7座,"[{""Year"":""全部在售"",""Value"":""汉兰达用户评分4.51分（769人参与）2.0T2.5L自动平均油耗11.3L/100km（18人平均值）自动平均油耗7.3L/100km（36人平均值）""},{""Year"":""2022款"",""Value"":""汉兰达2022款用户评分4.53分（622人参与）2.5L自动平均油耗7.3L/100km（36人平均值）""},{""Year"":""2021款"",""Value"":""汉兰达2021款用户评分4.45分（147人参与）2.0T自动平均油耗11.3L/100km（18人平均值）""}]",大庆,2022/1/1,34.88万元,6.8升/百公里5524公里,5,5,5,5,5,5,5,5,5,5,上下班接送小孩自驾游,口碑                &nbsp;2022年03月05日 发表了口碑                                                                                    《我心爱的汉兰达满足了家庭用车需求！》                                                                                                                                                                                                                        【最满意】要说我对于汉兰达最满意的应该是它的空间表现，因为这样的中型SUV我也一一对比过，最终还是选择了汉兰达顶配7座的车型，在实际使用过程中，真的是非常让我震撼，内部空间那是超级够用，满足了家庭的刚需！【最不满意】其实在整体用车的过程中，没有明显的不满意的地方，如果非要我挑汉兰达不满意的地方，那就是内饰，其实内饰做工是非常棒的，只是在某些地方用料如果全都是真皮软质包裹那就更棒了，哈哈！这也是因人而异吧（或许我是鸡蛋里挑骨头）【空间】对于空间，那真的是超级棒，前排四周各种储物空间，而且中控台下面也能储物，真的是把储物空间发挥到了极致，超大的前后排空间，后备箱的空间也是非常大，在日常和家人出游时，装载能力非常强悍，这点能满足我们家里的需求，先点个赞！在这里说下，汉兰达第三排空间实际上也比较宽裕，至少孩子在后面乘坐不会显得拥挤！                                                                                                【动力】对于汉兰达的动力我还是有话要说的，2.5双擎真不是盖的，在我们大东北，冬季下雪天，汉兰达表现的非常棒，而且油门很灵敏，CVT无极变速箱换挡很线性，升档降档也非常积极。在这里我要说一点，那就是汉兰达虽然发动机的扭矩参数很一般，但是电动机扭矩还是非常惊人的，所以说，如果想暴力驾驶，汉兰达依然能给你很强烈的推背感。                                                                                                【操控】我只能说汉兰达好开，上手非常容易，市区驾驶时方向盘轻盈，哪怕是女孩子开也不费力气，而且底盘调校的我认为偏舒适，带有一点点的运动感，减震器和悬挂表现的也很不错，在高速行驶时，车辆很稳定，没有一点发飘的感觉。                                                                                                【油耗】对于油耗方面我还是非常满意的，也符合了我当时选这款车的心里预期，在市区上下班驾驶时，路况不算很堵车，平均百公里7个油就够了，我非常满意，面对现在这样的油价我还是心里沾沾自喜的。然而在高速行驶时平均百公里也要6个多油，和市区没有什么特别大的变化。不过总体来说，这样的油耗我知足了，毕竟很多中型SUV的油耗要高于7个油，甚至达到10个油以上！【舒适性】汉兰达整体的舒适性还是很到位的，座椅的柔软度以及人体工程学设计很到位，包裹性很强。还有就是驾驶车辆路过颠簸路面时减震以及悬挂表现的很到位，整体车内的静音性很赞，在市区驾驶听着小音乐，完全感觉不到外界嘈杂的声音。                                                                    第二排座椅可以自己动手调节空调温度，这点非常赞！                                                                                                而且第二排角下可以插220v电源，以及手机充电孔（并且是快充数据口哦），这个设计也是很到位的！                            【外观】其实汉兰达的外观算不上惊艳，在外观造型方面，它属于高端大气上档次的，让人觉得越看越耐看那种，无论是前脸设计还是侧身腰线，甚至到尾部的设计都是相呼应，总的来说，汉兰达的外观是属于非常耐看的那种，我还是比较喜欢的！                                                                                                                                                                                                【内饰】要说内饰那的确是做工非常考究，而且用料也是特别的高大上，尤其是LED的大屏幕，那真是超级赞，座椅也是真皮材质，柔软度适中，并且座椅都是电动调节，加热、通风，这2个功能太适合我们大东北了，嘿嘿！而且还配备了JBL的音箱系统，对于我这个喜欢听DJ的人来说，那真是福音！                                                                                                ☆ 氛围灯：汉兰达只有顶配才配备氛围灯，这点也是我超级喜欢的，嘿嘿，在夜间行车时，氛围灯亮起的感觉非常温馨，真的是大爱！！！【性价比】当家里想要购买一台中型SUV时，我就经常在汽车之家里对比各种合资品牌的中型SUV，看过很多车型，最终选择汉兰达的原因很简单，空间大、配置高、并且最重要的是这款车是油电混合动力，省油那是没得说，综合来看的情况下，汉兰达的性价比那是更胜一筹，我相信自己选择的一定不会错！【为什么选择这款车】在和老婆商量购车的时候，也对比过很多合资品牌的SUV，最终选择汉兰达有两点。第一：汉兰达采用了油电混合动力，并且电池不需要外部供电，这是我最喜欢的一点。第二：汉兰达的内部空间我认为是所有中型SUV里面最大，而且储物空间最多的一款车型。所以最终我毫不犹豫的选择了汉兰达！,,
86277,6277,汉兰达                        2022款 双擎 2.5L 四驱至尊版 7座,"[{""Year"":""全部在售"",""Value"":""汉兰达用户评分4.51分（769人参与）2.0T2.5L自动平均油耗11.3L/100km（18人平均值）自动平均油耗7.3L/100km（36人平均值）""},{""Year"":""2022款"",""Value"":""汉兰达2022款用户评分4.53分（622人参与）2.5L自动平均油耗7.3L/100km（36人平均值）""},{""Year"":""2021款"",""Value"":""汉兰达2021款用户评分4.45分（147人参与）2.0T自动平均油耗11.3L/100km（18人平均值）""}]",长沙,2021/10/1,34.88万元,7.2升/百公里5123公里,4.75,4.75,5,5,5,4,5,5,4,5,上下班购物自驾游越野,口碑                &nbsp;2022年02月15日 发表了口碑                                                                                    《分享一下爱车的近期表现》                                                                                                                                                                                                                                                                                        【最满意】记得刚买没多久的时候，这新车嘛，就和朋友一起外出旅游，收到最满意的地方，我和朋友们一致认为，汉兰达最突出的地方就是乘坐舒适性和操控感受。在乘坐舒适性方面，座椅的舒适度就不用说了，这是比较直观的，还有降噪隔音做得也很到位，底盘的稳定性也很值得认可。操控感受方面，有三种驾驶模式的切换，几个朋友轮换着开了一下，都说这车开着很轻松，没什么压力。【最不满意】这车在高速公路上跑，油耗不算高，百公里也就六升多一点，但是在市区里跑车，也有可能是因为经常出现拥堵的情况吧，油耗稍微有点高，平均算下来，百公里是7.2升，稍微作为一台双擎版本的车，这个油耗确实是稍微有点高了。内饰的做工和用料还算不错，但是在设计上不够时尚。外观虽然看着也挺简约的，但是整体的风格比较大气，内饰就差了一点点，有点过于简单了，少了一些个性。【空间】空间很不错了，虽然说第三排空间比前两排的空间略微小了一点，但是也不影响乘坐整体的舒适度，还是很不错的。还有一点比较好，最后一排座椅可以按比例放倒。如果我们要户外野炊时，后备箱就可以放下几个桌椅板凳和烧烤炉之类的东西，大一点的帐篷和天幕也能放得开。【动力】动力还是很不错的，因为这台车的发动机是2.5排量，虽然说自吸发动机的爆发力没有那么的强，但我感觉还可以，我还挺喜欢这种比较平缓稳定的动力表现。我几个朋友在轮换驾驶的时候也说这车的动力确实足够强劲，尤其是在刚起步的时候，坐在驾驶位的座椅上，真的能够感觉到推背感。平时在市区里代步，大多是在经济和标准的模式下行驶，这样的油耗也能节省一下，运动模式下的动力发挥，确实是比较突出的。【操控】操控还是挺不错的，我们在高速公路上还感受了一下全速自适应巡航系统，真的是够高级，也够智能了，这项配置对长时间驾驶车辆的司机来说，真是一个大福利。360度全景影像也挺好用的，图像显示清晰，驻车雷达的反应也很灵敏。【油耗】油耗问题也跟个人开车的习惯有关吧，我这个人平时不怎么喜欢开快车，但是在市区里跑车的时候，因为高度紧张，市区的交通情况也不太好，时走时停，有时也会出现轰油门的情况。在这样的状态下，油耗也不可能太低了，平均油耗百公里7.2升，对于一台油电混合的车来说，并不是很低。【舒适性】这车有个好处，就是基本上没有噪音的问题。尤其是这台车，又是作为我们出行的主打车，如果有噪音干扰，就会影响旅途中的心情了。座椅真是挺舒服的，买车的时候也去感受过其他车型的座椅，最后还是觉得汉兰达的座椅最舒服，坐垫软硬程度恰到好处，靠背对于人体的支撑力也很强。【外观】说实话，买车的时候对于外观这块考虑的不是很多，觉得只要看着不难看就行了。汉兰达这款车整体的造型走的是简约风格，虽然说现在是个看脸的时代，但是汉兰达的前脸并没有太夸张的东西，整体的造型相对来说是比较协调的。比起造型的设计，我更注重的是做工和油漆的喷涂。汉兰达的车漆颜色饱和度不错，喷涂得也均匀一致。【内饰】用料还是挺不错的，很多地方可以看出厂家是花了大成本的，有很多软皮包裹的地方，也没有什么难闻的气味。设计方面，中控大屏绝对是个很突出的亮点，支持的功能也特别多。中控台的布局比较合理，但是有的地方的设计过于一般，应该是中年人喜欢的类型吧，年轻一代可能会喜欢更加灵动活泼的内饰。【性价比】汉兰达的性价比是我试过的车里最好的，首先，这车的空间是比较大的，坐在车里一点也不会觉得被束缚，然后就是这车的操控感受很棒，这也是得到了我我几个朋友的共同认可。总结一下，就是汉兰达的价格合适，配置也足够齐全，实用性比较强。【为什么选择这款车】选择汉兰达，也是尊重自己的爱好吧。如果仅仅是生活用车，完全可以选择一台紧凑型车，但是考虑到以后节假日经常出去旅游，买一台大一点的车，还是很必要的。我买这台车，我的几个哥们儿也挺支持的，大家都是户外驴友，经常一起开车出去玩，有了这台汉兰达，我们也可以来一个拼车，还能省下不少费用。,,
86278,6278,汉兰达                        2022款 双擎 2.5L 四驱至尊版 7座,"[{""Year"":""全部在售"",""Value"":""汉兰达用户评分4.51分（769人参与）2.0T2.5L自动平均油耗11.3L/100km（18人平均值）自动平均油耗7.3L/100km（36人平均值）""},{""Year"":""2022款"",""Value"":""汉兰达2022款用户评分4.53分（622人参与）2.5L自动平均油耗7.3L/100km（36人平均值）""},{""Year"":""2021款"",""Value"":""汉兰达2021款用户评分4.45分（147人参与）2.0T自动平均油耗11.3L/100km（18人平均值）""}]",,2021/12/1,34.88万元,6.0升/百公里3180公里,4.75,4.75,5,5,5,5,4,5,4,5,上下班购物,口碑                &nbsp;2022年02月09日 发表了口碑                                                                                    《开着大汉去旅游，很不错的选择》                                                                                                                                                                                                                                                                                                                                                                                                                                                                                                                                                                【最满意】大汉让我满意的是它的油耗，虽然说它是混合动力，但是平时还是用油比较用的多，因为我觉得用油比较有劲一些。大汉的油耗大概实在6个油的样子，我开车是比较平稳了那种，比较看重安全，所以我一般不会猛踩油门，提车后去自驾游去过一次烧烤，动力还是比较满意。【最不满意】不太满意的地方是这个车的舒适性了，乘坐的舒适性的很不错，但是这个在开车过程中的舒适性就有点欠缺了。上次自驾游在高速上面的时候，车内有点闷热就开了一下窗户，这一开，能明显地听到发动机的声音，以前还没有怎么注意到。窗户关了还是好一些，声音就小了很多。【空间】我买的这台车的是七座的，七座的空间很大，能坐几个人就不说的。第一排的座椅空间是可以自己调节的，我比较矮，所以我的座椅一般靠前。第二排的座椅我也去坐过，对我来说真的是绰绰有余，腿部空间相当的大。第三排一般没有啥人坐的，所以我一般都放下来的，用来放些东西。总的来说，大汉的空间还是很大的。【动力】一开始在买车的时候我就在想，这个2.5L的发动机能带动这么大的家伙吗？毕竟这个家伙的体重也油2T左右。后面发现完全就是杞人忧天，2.5L的发动机轻轻松松就能带动大汉。在高速上面经常能看到那种龟速车，开在这种车后面真的很难受，大汉只要一脚油门下去，就能轻松超过前面的龟速车。起步的速度感觉比一些SVU要强上一点点，爬坡只要一脚油门下去，很快就能过去了。【操控】方向盘轻重刚刚好，手感就不多说了，用过的都知道手感很好。方向盘上面的很多小按键也是比较实用的。自驾游在路过那些比较弯的道路时，只要轻轻地转动方向盘，这个大家伙就能拐过去。我开车累了，我朋友上次就是喜欢猛踩油门，他说这个油门踩得耗油感觉，我在一旁一直劝他慢点开，安全第一。【油耗】我还是用上次自驾游的经历来说大汉油耗吧。自驾游的全程大概有900多公里，我的大汉出发的时候加了一次油，在路程中也加了一次油。百公里耗油应该在6点多的样子，高速上面开的还是比较快的。e我同行的朋友，它开车的时候油门踩得比较猛，感觉的油耗应该在7个油的样子。总的来说还是比较满意的，续航也还可以的。【舒适性】不要看它叫做大汉，其实它的座椅还是比较软的，座椅的包裹性很强，也很充实。一开始我还以为这车的座椅肯定是硬邦邦的，但是等我试驾之后才发现原来那么舒服。慢一点开，全程开起来还是相当舒服的。空调的效果也是很明显的，稍微开个几分钟就能感受到热了。最后就是大汉音响的音质还是很不错的，朋友还偷偷在后排拍了一个抖音。【外观】既然我叫我的这台车叫做大汉，肯定是有原因的。第一个原因就是它的外观，它的外观给我的第一印象就是有点大汉一样，很有气势，应该有很多的男生喜欢这样的车。大汉的线条还是很清晰的，我比较不太喜欢的就是那种线条不清晰，看起来圆圆的那种车。前脸的两个大灯又设计起到好处，又给大汉添加了几分气势。【内饰】全车的用料还是很不错的，方向盘前面的仪表很好看，蓝色的光给我满满的科技感。当然，中控也不赖，功能非常的多，也是比较实用的，尤其那个语音，感觉很实用，你要它干啥他就干啥，平时开车不好接电话，说一句就帮你接电话了。座椅的软硬度合适，坐起来还是很舒服的。【性价比】经历过一次自驾游之后，我感觉大汉买的很值的。全程900多公里路程，中途只加了一次油，续航能力比较强。在高速上面超车的时候，提速也是比较快的。最重要的一点就是大汉的售后态度很不错的，在买车的时候，售后很耐心的给我讲解了很多大汉的优点。【为什么选择这款车】我是一个比较喜欢出去旅游的人，在没有买车之前，平均一年会去旅游四到五次吧，但是每次都是坐高铁、飞机啥的，东西就不太方便，而且说实话完全没有自己开车那么好玩，途中的风景基本上都没有，但是自己开车就不一样了。所以就买了一台七座的车，空间相当地大，最后一排的座椅是可以放下来的，放东西的空间就更大了。,,
86279,6279,汉兰达                        2022款 双擎 2.5L 四驱尊贵版 7座,"[{""Year"":""全部在售"",""Value"":""汉兰达用户评分4.51分（769人参与）2.0T2.5L自动平均油耗11.3L/100km（18人平均值）自动平均油耗7.3L/100km（36人平均值）""},{""Year"":""2022款"",""Value"":""汉兰达2022款用户评分4.53分（622人参与）2.5L自动平均油耗7.3L/100km（36人平均值）""},{""Year"":""2021款"",""Value"":""汉兰达2021款用户评分4.45分（147人参与）2.0T自动平均油耗11.3L/100km（18人平均值）""}]",大连,2022/2/1,32.98万元,7.3升/百公里1800公里,4.875,4.75,5,4,5,5,5,5,5,5,上下班自驾游跑长途,口碑                &nbsp;2022年03月22日 发表了口碑                                                                                    《人车好生活，拥有爱车的日子！》                                                                                                                                                                                                                        【最满意】汉兰达这款车让我最满意的肯定是空间，买这款车本身也是因为对空间的需要。较大的七座SUV也有其他车型，但我还是觉得汉兰达的车内空间设计得更合理，坐在车内感觉更舒适。另一点让我相当满意的是，这款车的做工非常不错，从内到外都有一种精致感。【最不满意】不满意的地方是内饰用料很一般，质感感觉不错，但有一股臭味，还需要改进。油耗确实不高，但这款车的动力有后劲不足的感觉。如果不是满的，它可以用很大的力气跑。满的时候，后期加速有点拖。【空间】汉兰达是我们家的第二辆车。第一辆车是一辆普通的车。我买的时候刚结婚。两个人用一辆车就够了。现在我们一家四口，平时还好，但节假日带父母出去玩，车内空间肯定不够用，所以就琢磨着买一辆大一点的SUV。刚看了汉兰达，觉得各方面性能都挺不错的，就买了下来。【动力】我对汉兰达在动力方面的表现有一个评价，就是稳有余，后劲不足。汉兰达开起来真的很稳，就像它的外观一样稳重大气。在城市里开车，超车什么的都没有问题，但是在高速公路上，满车的时候，超车的加速就有点慢了。【操控】操控感很好，刚开始的时候，我对开这款中型SUV，并没有太大的信心，因为我以前是开轿车的，但是这款车的方向盘非常灵活，掉头并不难，开了几公里就完全适应了。操作基本上和绝大多数的车都差不多，唯一不同的估计就是功能按键的位置吧，汉兰达的功能按键位置的还是很顺手的，比较喜欢。操控配置真的很齐全、很先进，尤其是倒车车侧的警示系统，这在同级别同价位的车里是不多见的，用起来很方便。【油耗】油耗确实给了我很多惊喜。中型SUV的油耗也不会很低。庆幸买了油电混动车型，后期车辆成本不用太费心。我的车现在跑了1800多公里，百公里油耗只有7.3升。【舒适性】我对舒适度也比较满意。尤其是和家人一起出游，大家在车上其乐融融，旅途中享受到了很多快乐。车身稳定性非常好，没有噪音问题。我就比较看重舒适度，现在看来确实小汉的舒适度很高，座椅坐着很舒服，没有出现过硬的现象【外观】汉兰达在我眼里是一款经济实用的车型，所以我并不太在意外观，但是汉兰达的整体设计比较赏心悦目，稳重敦实。我就是很喜欢汉兰达的外观，设计的很有特点。                                                                                                                                                                                                【内饰】做工确实不错。在这个价位上，我感觉汉兰达的内饰做工是最好的，但也不排除一个小缺点，那就是新车内的气味不太好。                                                                                                【性价比】说到性价比，我觉得汉兰达的性价比比较高。首先价格不贵，裸车售价不到35万。然后，综合实力比较强，性能和质量都相当稳定。【为什么选择这款车】汉兰达是我们家的第二辆车。第一辆车是一辆普通的车。我买的时候刚结婚。两个人用一辆车就够了。现在我们一家四口，平时还好，但节假日带父母出去玩，车内空间肯定不够用，所以就琢磨着买一辆大一点的SUV。刚看了汉兰达，觉得各方面性能都挺不错的，就买了下来。,,
86280,6280,汉兰达                        2022款 双擎 2.5L 四驱尊贵版 7座,"[{""Year"":""全部在售"",""Value"":""汉兰达用户评分4.51分（769人参与）2.0T2.5L自动平均油耗11.3L/100km（18人平均值）自动平均油耗7.3L/100km（36人平均值）""},{""Year"":""2022款"",""Value"":""汉兰达2022款用户评分4.53分（622人参与）2.5L自动平均油耗7.3L/100km（36人平均值）""},{""Year"":""2021款"",""Value"":""汉兰达2021款用户评分4.45分（147人参与）2.0T自动平均油耗11.3L/100km（18人平均值）""}]",东莞,2021/11/1,32.98万元,5399公里,4.875,4.75,5,5,5,5,4,5,5,5,购物,口碑                &nbsp;2022年03月05日 发表了口碑                                                                                    《大七座的汉兰达，靠谱》                                                                                                                                                                                                                                                                                        【最满意】因为首先是七座的车，我本身就想买一个七座的车，在空间这一方面，它是符合了我的要求的。另外就是不管是从品牌的影响力，还是说它本身车的质量来讲都比较的好，毕竟品牌摆在这里。【最不满意】速度比较快的时候，噪音是很明显的。在市区开如果你开60迈以下的话，它的噪音是不明显的。但是如果你开到60迈以上，或者说是在高速开的话，它的风噪胎噪包括发动机的噪音都能够很明显的听到。【空间】汉兰达是七座的，最让人关心的其实就是后排的空间，第二排的空间一般都是父母坐。最后一排就是小孩在后面坐最后一排，如果是孩子在后面的话，是完全没有问题的。而且整车的储物空间是很丰富的，后备箱可以放一家人出行所需要的东西。【动力】我平常的话跑高速的时候其实并不多，只有一家人出去玩的时候，可能路比较远就会跑跑高速。日常在市区开这个动力完全够用，像高速的话也不会显得很拖拉，100迈以上加速还是很有劲儿的，不会说到了100迈以上就干踩油门不上速度。【操控】方向盘还是很灵敏的，我们在打方向盘的时候，也可以感觉到很好的调教。而且最主要的就是在转弯的时候，整个车是很稳的不会出现侧倾的情况，这一点也是我觉得做的很不错的。【油耗】油耗并不高所以说这辆车后期成本并不是很高，虽然车比较大，但是现在采用的是这个双擎的技术油耗是很低的。【舒适性】真的是可以在车内听到明显的噪音，当然这是在高速行驶的时候，市区行驶的话，噪音就比较小了。【外观】外形还是很漂亮的，日系车的外形还是可圈可点的。像这款车有一点雷克萨斯的感觉，也是很多人买这辆车的原因吧，改款之后确实好看了很多。不过这个确实也是因人而异，有些人可能更加喜欢老款的造型，哈哈。                                                                                                【内饰】内饰的设计是很简约大气的风格。没有花里胡哨的设计，中控屏幕有12.3英寸，足够的大足够的清晰。看起来真的是很不错的，操控起来也很流畅。【性价比】汉兰达的性价比也算是不错的，作为一个七座车来讲它的空间已经算是上游水平，而且外观也很好看，是一个颜值和实力并存的车子。配置方面的话，基本上家用该有的配置，他都配备了，这点毋庸置疑。【为什么选择这款车】当时买车的时候我对比了很多车，其实最让我纠结的就是它和探界者。探界者是典型的美系车，整个风格都是比较粗犷的，所以车的外观和内饰在工艺上都比较的粗糙。就比如说探界者车窗的胶条真的是没得说你看了就会懂。所以在探界者和汉兰达之间，我最后还是选择了这款汉兰达。汉兰达它的内饰外观的设计都是比较好看比较细腻的，而且空间也很大。像我们现在这个年纪在买车的时候，空间真的是很注重的地方了，因为如果空间不够的话，就会非常的尴尬。,,
86281,6281,汉兰达                        2022款 双擎 2.5L 四驱尊贵版 7座,"[{""Year"":""全部在售"",""Value"":""汉兰达用户评分4.51分（769人参与）2.0T2.5L自动平均油耗11.3L/100km（18人平均值）自动平均油耗7.3L/100km（36人平均值）""},{""Year"":""2022款"",""Value"":""汉兰达2022款用户评分4.53分（622人参与）2.5L自动平均油耗7.3L/100km（36人平均值）""},{""Year"":""2021款"",""Value"":""汉兰达2021款用户评分4.45分（147人参与）2.0T自动平均油耗11.3L/100km（18人平均值）""}]",北京,2021/11/1,32.80万元,6.8升/百公里4366公里,4.75,5,5,5,5,5,5,4,4,5,上下班购物,口碑                &nbsp;2022年03月05日 发表了口碑                                                                                    《有了汉兰达，希望一切都能达》                                                                                                                                                                                                                                                                                                                        【最满意】大致有三个方面第一点就是空间比较大，也去看了依多同级别的车型，但后来还是觉得汉兰达的空间布局更合理一点，尤其是后排可以放倒，后备箱的空间比较平整，也比较宽大。第二点就是虽然是这么大的车，但是操控起来没什么难度，动力的发挥也依强劲，速度可以说随叫随到。第三点是乘坐舒适性比较好，有的车虽然座椅比较柔软，但是时间长了就会腰酸背痛，说明在设计上还是有问题的，汉兰达在这方面做得依到位。【最不满意】说完了优点，再来说一下汉兰达的两个小缺点吧，一是刚买回车的时候，新车的材料不是依好闻，好像是皮革的气味吧，销售员当时就建议我们经常开窗通风，并且一再表示这并不是有害气体，在用料上还是挺讲究环保的，我们放了几个竹炭包，几天就没味了。第二个小缺点是外观的设计不是依时尚，可能汉兰达的厂家讲究的是实用性吧，在造型的设计上有点落伍了，没有特别亮眼的地方。【空间】依多这种三排的车型，最后一排座椅的空间会依狭小，但是汉兰达没有这样的问题。在用车的过程中，我也发现了三排座椅都比较宽敞，最后一排坐两个人一点问题也没有，腿部空间也不会挤。而且载物能力还依强，把后排放倒之后放不少东西，旅行购物都依合适。【动力】说到动力，其实我不是依讲究这个，但是汉兰达的动力却让我挺吃惊的。尤其是刚开始开车的时候，踏板踩下去，动力说来就来，不熟悉的人都会有下一跳的表现。加速的表现是丝毫没有拖沓和累赘的感觉，只要舍得踩油门，速度说来就来，超车的时候依利索，绝不拖拖拉拉的。【操控】一开始有点不适应，觉得方向盘有些重，但是大车子就要配这种大号的方向盘，这样开起来才更稳，时间长了就觉得还是这种方向盘握在手里更踏实，如果太轻的话，可能不太容易掌握车身的稳定了。说一下操控配置带给我的感受吧，我最满意的是倒车车侧预警系统，好几款车都没有这个功能，我认为这项功能是非常有用的，倒车的时候能及时提醒车子一侧的情况，避免发生一些意外。【油耗】有一点必须点赞，像汉兰达这么大的车，动力的发挥又足够优秀，一般来说油耗都不可能依低，但我的车现在百公里的油耗只有不到7个油，我个人是非常满意这个表现的。我也上网去看了，其他同级别的这种中型SUV，大多数车型的油耗都在七个油以上，这么对比下来，我更觉得买汉兰达是非常值得的了。【舒适性】底盘稍微有一点偏硬，但也不会影响舒适性，正常拐弯和行驶都比较正常，减震器的滤震效果也不错。坐在座椅上能感受到依强的包裹力。这样的座椅带给我的感受是比较踏实和温暖的。我有腰椎间盘突出的毛病，还好汉兰达有靠背调节和腰部支撑调节，能根据自己的需要调整角度。【外观】实话实说，在同价位的其他车行李我也看见过比汉兰达造型好看的车，汉兰达的造型只能说稳重大气，看着顺眼，但是如果说时尚性的话，就稍微差了一点点。做工和漆面还是值得点赞的，尤其是漆面的颜色饱和度依强，喷涂也比较均匀，没有厚薄不均的情况，钣金件也没有太大的缝隙，总体来说还是挺好的。【内饰】做工依不错，完全符合汉兰达的定价，只是在用料上有一股气味，这一点还是不太好的，因为现在的人都依讲究环保。从设计的角度来看，我认为车里的设计比外观要好，尤其是中控台的布局又大气又实用。依多地方的细节也处理得依到位，中控大屏的尺寸也完全符合车子的定位，又大又气派，还有丰富的智能功能。【性价比】从实用的角度来看的话，我认为汉兰达是同级别车型里，性价比表现依突出的一款车型，现在的用车感受也不错。跑了四千多公里，我对汉兰达的好感度与日俱增。【为什么选择这款车】说实话，我买汉兰达也是为了家用的，颜值高不高也并不重要，虽然汉兰达也有缺点，但是整体的感觉挺不错。对比了依多车型之后，我还是选择这台性价比高一点的车。当然了，价格也是我考虑的一个因素，如果各方面都依好，价格太贵的话，也不可能选择汉兰达的，性价比算是比较合理的，没觉得太贵。,,
